Date,Team,Player,MP,PTS_line,PTS_proj,Res_PTS_proj,pred_prob,pred_class,O/U
01/16/2026,WAS,Tre Johnson,29.76708603,16.5,14.78583145,-2.116050482,0.308394015,0,U
01/16/2026,WAS,Justin Champagnie,23.62789345,10.5,9.873976707,-0.313563198,0.452543616,0,U
01/16/2026,WAS,AJ Johnson,16.12349892,6.5,3.922898293,-2.182572603,0.125238791,0,U
01/16/2026,TOR,Gradey Dick,18.58992577,10.5,7.88750124,-1.81568861,0.363931537,0,U
01/16/2026,TOR,Brandon Ingram,32.69507599,24.5,16.2897625,-4.039436817,0.270735025,0,U
01/16/2026,SAC,Zach LaVine,32.03976059,21.5,21.3222332,-4.246520519,0.369062483,0,U
01/16/2026,PHI,Joel Embiid,31.33052063,26.5,23.7835865,-3.321414709,0.289894849,0,U
01/16/2026,NOP,Zion Williamson,32.56947708,24.5,19.58080482,-2.317129135,0.302390277,0,U
01/16/2026,NOP,Jeremiah Fears,27.22067451,13.5,11.74351215,-2.057993412,0.239015833,0,U
01/16/2026,NOP,Derik Queen,27.29554749,11.5,9.392916679,-1.131810308,0.298746079,0,U
01/16/2026,MIN,Naz Reid,23.98315048,14.5,13.27788544,-2.213456869,0.314971656,0,U
01/16/2026,MIN,Mike Conley,23.20315361,6.5,6.448726654,-0.445530146,0.46307981,0,U
01/16/2026,MIN,Julius Randle,32.8961792,23.5,18.83176613,-2.973890066,0.353151768,0,U
01/16/2026,MIN,Jaylen Clark,13.31461239,5.5,2.755494595,-2.99774003,0.236826167,0,U
01/16/2026,MIN,Jaden McDaniels,31.08115578,15.5,14.43726158,-2.325762987,0.32302469,0,U
01/16/2026,MIN,Donte DiVincenzo,33.28356171,14.5,14.21342564,-0.310522795,0.392165661,0,U
01/16/2026,MIN,Bones Hyland,16.60926819,11.5,9.542414665,-0.618666172,0.366548598,0,U
01/16/2026,LAC,Nicolas Batum,22.7886219,6.5,6.227244854,-0.157979786,0.475542843,0,U
01/16/2026,LAC,Kris Dunn,28.79661751,8.5,6.892980099,-0.863180935,0.468331277,0,U
01/16/2026,LAC,Kawhi Leonard,25.82946968,26.5,18.87185669,-7.694823265,0.309289485,0,U
01/16/2026,LAC,John Collins,20.93185806,14.5,12.81494331,-0.576223731,0.435723931,0,U
01/16/2026,LAC,Ivica Zubac,28.73425674,14.5,10.90362644,-4.675800323,0.195817262,0,U
01/16/2026,LAC,Brook Lopez,15.05463505,6.5,4.764060974,-1.978092313,0.228925645,0,U
01/16/2026,IND,T.J. McConnell,18.26975441,10.5,8.636940002,-2.377693892,0.330425769,0,U
01/16/2026,IND,Pascal Siakam,34.44532013,25.5,22.67853928,-2.628475428,0.36016053,0,U
01/16/2026,IND,Aaron Nesmith,32.532341,17.5,12.78250313,-3.19844532,0.312347293,0,U
01/16/2026,HOU,Tari Eason,23.96461678,10.5,9.574756622,-2.810656309,0.350070447,0,U
01/16/2026,HOU,Alperen Sengun,32.66957855,20.5,18.08877563,-5.313766479,0.358806103,0,U
01/16/2026,CLE,Jaylon Tyson,28.65229225,13.5,13.10562801,-1.044109344,0.476252139,0,U
01/16/2026,CLE,Jarrett Allen,30.14974976,14.5,11.0522356,-2.37015748,0.228334889,0,U
01/16/2026,CLE,Donovan Mitchell,34.55042648,29.5,28.54920959,-3.4598701,0.441879332,0,U
01/16/2026,CLE,De'Andre Hunter,22.74246979,13.5,9.205796242,-2.139150381,0.4025985,0,U
01/16/2026,CLE,Craig Porter Jr.,25.22239876,7.5,5.962816715,-0.669635952,0.438130528,0,U
01/16/2026,CHI,Matas Buzelis,28.80286598,15.5,14.57285404,-1.945067763,0.297475725,0,U
01/16/2026,CHI,Coby White,27.92070198,17.5,10.98153019,-5.500939846,0.138697863,0,U
01/16/2026,BRK,Michael Porter Jr.,29.66533279,25.5,25.03913689,-2.137537003,0.374525785,0,U
01/16/2026,SAC,Maxime Raynaud,25.52994919,8.5,10.4809618,1.255150199,0.551553965,1,O
01/16/2026,PHI,Quentin Grimes,27.52574158,8.5,11.24111557,1.952444196,0.588963747,1,O
01/16/2026,PHI,Paul George,28.91649437,15.5,21.12573624,2.30869174,0.546008587,1,O
01/16/2026,NOP,Trey Murphy III,37.08224106,22.5,29.41106033,4.733891487,0.589730442,1,O
01/16/2026,MIN,Rudy Gobert,29.19857407,10.5,11.16088772,1.027733684,0.531855464,1,O
01/16/2026,IND,Jay Huff,23.36234474,10.5,10.81229496,0.111029394,0.504033327,1,O
01/16/2026,IND,Jarace Walker,21.04566002,8.5,10.10911369,0.666750968,0.584946454,1,O
01/16/2026,HOU,Jabari Smith Jr.,34.7815361,14.5,18.51128769,0.89572382,0.504510105,1,O
01/16/2026,CHI,Jalen Smith,19.99562454,8.5,9.662459373,0.457233697,0.515637159,1,O
01/16/2026,BRK,Day'Ron Sharpe,20.11026382,8.5,9.39661026,0.731072128,0.597223222,1,O
01/16/2026,WAS,Will Riley,24.59368134,9.5,11.95515823,-0.253054559,0.510675669,1,-
01/16/2026,WAS,Kyshawn George,32.01484299,15.5,16.037817,-0.25368014,0.447368622,0,-
01/16/2026,TOR,Scottie Barnes,37.98536301,20.5,21.46155357,-3.213166952,0.505490482,1,-
01/16/2026,TOR,Sandro Mamukelashvili,21.59900665,9.5,11.98394108,0.053076461,0.435826033,0,-
01/16/2026,TOR,Jamal Shead,32.13217545,11.5,11.90149307,-0.477581322,0.497254401,0,-
01/16/2026,TOR,Immanuel Quickley,27.59180641,16.5,16.63347626,1.883910537,0.483471334,0,-
01/16/2026,TOR,Collin Murray-Boyles,33.16104889,10.5,11.1236763,-1.852729678,0.471573979,0,-
01/16/2026,SAC,Russell Westbrook,31.59749222,15.5,18.18424416,-0.852052569,0.323629141,0,-
01/16/2026,SAC,Precious Achiuwa,29.43315315,8.5,12.1407423,-0.784269333,0.475202888,0,-
01/16/2026,SAC,Malik Monk,19.02371597,10.5,10.82492447,-0.15700689,0.499461472,0,-
01/16/2026,SAC,Domantas Sabonis,29.9662838,12.5,13.5115509,-0.851165116,0.364892781,0,-
01/16/2026,SAC,Dennis Schroder,12.54347706,10.5,13.49143028,-3.722971678,0.15982163,0,-
01/16/2026,SAC,DeMar DeRozan,33.83969116,20.5,24.72374153,-2.270502806,0.466210335,0,-
01/16/2026,PHI,VJ Edgecombe,35.65560913,14.5,14.62995338,-2.304210186,0.459175944,0,-
01/16/2026,PHI,Tyrese Maxey,37.04545593,26.5,29.32083893,-0.049146987,0.550585151,1,-
01/16/2026,PHI,Kelly Oubre Jr.,25.55594254,8.5,8.812957764,-2.655245066,0.352633595,0,-
01/16/2026,NOP,Yves Missi,20.54302788,5.5,7.750492096,-0.467536092,0.588278115,1,-
01/16/2026,NOP,Saddiq Bey,31.81938934,13.5,19.42207909,0.203715473,0.347121686,0,-
01/16/2026,NOP,Jordan Poole,21.06745911,11.5,11.64362144,-0.310279697,0.422056705,0,-
01/16/2026,LAC,James Harden,36.50902176,26.5,26.35422325,-0.020058628,0.540412545,1,-
01/16/2026,IND,Johnny Furphy,23.6962738,7.5,8.764533043,-0.150626436,0.578112066,1,-
01/16/2026,IND,Andrew Nembhard,31.75405121,17.5,21.54079819,0.267228127,0.435378313,0,-
01/16/2026,HOU,Reed Sheppard,22.32719231,9.5,8.976937294,0.77187711,0.474742949,0,-
01/16/2026,HOU,Kevin Durant,37.03465652,25.5,25.51356125,-2.903552294,0.309502155,0,-
01/16/2026,HOU,Dorian Finney-Smith,15.70541954,4.5,4.949024677,-1.297457933,0.281214088,0,-
01/16/2026,HOU,Amen Thompson,37.43601227,18.5,22.9960556,-0.131210446,0.538376212,1,-
01/16/2026,CLE,Lonzo Ball,9.476655006,4.5,4.935509205,-4.29222393,0.148726732,0,-
01/16/2026,CLE,Evan Mobley,33.68890762,17.5,18.01851463,0.159704521,0.451337039,0,-
01/16/2026,CHI,Tre Jones,27.27134895,10.5,14.3116684,0.692270219,0.471221209,0,-
01/16/2026,CHI,Nikola Vucevic,31.42935371,16.5,18.04294014,-1.731388927,0.339185268,0,-
01/16/2026,CHI,Kevin Huerter,23.1314621,10.5,10.75948524,-0.551082909,0.457063705,0,-
01/16/2026,CHI,Isaac Okoro,28.36119461,8.5,9.509450912,-0.211544991,0.508761048,1,-
01/16/2026,CHI,Ayo Dosunmu,23.63365936,12.5,12.87506199,-0.404181212,0.451312244,0,-
01/16/2026,BRK,Noah Clowney,31.17021942,11.5,12.90387726,-1.694478154,0.415016264,0,-
01/16/2026,BRK,Drake Powell,20.66256332,7.5,7.453765869,-1.219311595,0.506628394,1,-
01/17/2026,WAS,Tre Johnson,28.86244583,14.5,14.35524178,-0.582513809,0.35335812,0,U
01/17/2026,WAS,Khris Middleton,16.08446121,9.5,8.202547073,-2.52499485,0.270562887,0,U
01/17/2026,UTA,Kyle Filipowski,25.40798759,15.5,9.374286652,-0.795672953,0.407816976,0,U
01/17/2026,SAS,Victor Wembanyama,26.94703102,24.5,22.24910736,-1.005378723,0.45446375,0,U
01/17/2026,SAS,Keldon Johnson,21.27651405,12.5,11.39937305,-1.253434539,0.41482383,0,U
01/17/2026,SAS,Dylan Harper,17.81689262,10.5,7.276891708,-1.283615351,0.331519753,0,U
01/17/2026,SAS,De'Aaron Fox,31.29557419,18.5,17.51107597,-1.327319384,0.388581276,0,U
01/17/2026,POR,Toumani Camara,34.33163834,14.5,13.80856133,-0.965975106,0.368866175,0,U
01/17/2026,PHO,Jordan Goodwin,22.04705238,7.5,6.305867672,-1.535867453,0.449588269,0,U
01/17/2026,OKC,Shai Gilgeous-Alexander,32.85400391,31.5,28.29432297,-1.711151242,0.357390225,0,U
01/17/2026,OKC,Chet Holmgren,29.94950294,17.5,15.39645863,-1.569007754,0.378395081,0,U
01/17/2026,NYK,Tyler Kolek,15.16417789,5.5,4.514773846,-1.97838068,0.225601092,0,U
01/17/2026,NYK,Landry Shamet,18.439188,9.5,6.753414154,-1.876912594,0.375681818,0,U
01/17/2026,NYK,Karl-Anthony Towns,30.85181236,21.5,18.22194481,-2.313309431,0.37199223,0,U
01/17/2026,NYK,Jordan Clarkson,19.10316086,12.5,9.190695763,-1.888373613,0.354351372,0,U
01/17/2026,NYK,Jalen Brunson,30.82403755,26.5,21.17130661,-0.470939755,0.471227974,0,U
01/17/2026,MIN,Naz Reid,25.37739182,15.5,15.33296967,-1.05394268,0.460193992,0,U
01/17/2026,MIN,Anthony Edwards,29.5479126,26.5,26.36584663,-1.15249455,0.472284347,0,U
01/17/2026,MIA,Tyler Herro,30.3227787,19.5,18.16173744,-1.769248366,0.303259403,0,U
01/17/2026,MIA,Pelle Larsson,28.62913322,11.5,9.240403175,-0.047921412,0.384765744,0,U
01/17/2026,MIA,Nikola Jovic,17.11443901,9.5,5.987678528,-2.327504158,0.278934032,0,U
01/17/2026,MIA,Kel'el Ware,17.38207817,8.5,6.136126041,-1.308497548,0.305065155,0,U
01/17/2026,MIA,Kasparas Jakucionis,10.18577003,8.5,3.815308571,-2.868046761,0.214428514,0,U
01/17/2026,LAL,Jake LaRavia,35.09783173,14.5,13.95981884,-0.089055784,0.498060316,0,U
01/17/2026,LAL,Gabe Vincent,17.45508194,7.5,5.542789459,-0.860717058,0.358379394,0,U
01/17/2026,LAL,Deandre Ayton,30.55720139,16.5,12.66299248,-0.507020891,0.431492776,0,U
01/17/2026,IND,T.J. McConnell,23.89481163,10.5,9.150629044,-0.71224016,0.445548058,0,U
01/17/2026,IND,Pascal Siakam,29.73608589,24.5,21.3991127,-2.521657705,0.459480375,0,U
01/17/2026,IND,Jarace Walker,24.02517509,15.5,8.580582619,-1.626577854,0.385063022,0,U
01/17/2026,IND,Andrew Nembhard,29.3351593,17.5,15.38883591,-1.529563785,0.434999406,0,U
01/17/2026,IND,Aaron Nesmith,30.5025959,14.5,12.44606209,-2.53268981,0.367768556,0,U
01/17/2026,GSW,Stephen Curry,31.63735962,28.5,23.45812798,-0.303910345,0.482910097,0,U
01/17/2026,GSW,Quinten Post,19.52897072,6.5,6.05612421,-1.331142783,0.434148967,0,U
01/17/2026,GSW,Draymond Green,26.15967178,8.5,8.413671494,-1.225876331,0.35926652,0,U
01/17/2026,GSW,Al Horford,17.34826851,6.5,5.159933567,-1.293611169,0.36177507,0,U
01/17/2026,DET,Jalen Duren,26.05951691,16.5,12.7081871,-1.622312427,0.299099743,0,U
01/17/2026,DET,Ausar Thompson,25.0496521,10.5,8.36750412,-0.464970946,0.446712375,0,U
01/17/2026,DEN,Jamal Murray,30.97962379,26.5,25.42023468,-2.745290756,0.432136565,0,U
01/17/2026,DEN,Aaron Gordon,27.27573395,19.5,17.12020302,-0.870151222,0.405820251,0,U
01/17/2026,DAL,Max Christie,31.90742493,15.5,15.03806686,-0.390457988,0.430399567,0,U
01/17/2026,DAL,Jaden Hardy,20.42851639,13.5,10.61414337,-0.448229462,0.433366269,0,U
01/17/2026,DAL,Dwight Powell,25.15252495,6.5,6.22158289,-0.116686516,0.427239925,0,U
01/17/2026,DAL,Brandon Williams,27.4086628,18.5,12.74489117,-1.75743711,0.356633395,0,U
01/17/2026,CHO,Miles Bridges,32.11659622,16.5,15.85992432,-1.6543715,0.367473036,0,U
01/17/2026,CHO,Kon Knueppel,29.78967667,17.5,16.02409554,-1.812299252,0.28213343,0,U
01/17/2026,CHO,Collin Sexton,17.92809677,11.5,9.333018303,-3.471131086,0.357796758,0,U
01/17/2026,CHO,Brandon Miller,31.39923859,19.5,18.17222786,-2.122899532,0.23887974,0,U
01/17/2026,BOS,Hugo Gonzalez,16.11951828,4.5,3.053847551,-0.689916134,0.241258025,0,U
01/17/2026,ATL,Mouhamed Gueye,20.39272118,5.5,5.34812212,-0.104518741,0.46559158,0,U
01/17/2026,ATL,Jalen Johnson,34.15420532,20.5,19.34488297,-0.719489813,0.419301808,0,U
01/17/2026,WAS,Kyshawn George,30.90277863,14.5,16.31492043,0.808662415,0.508449674,1,O
01/17/2026,WAS,Justin Champagnie,27.26241112,9.5,11.08867264,0.618677318,0.520683527,1,O
01/17/2026,UTA,Keyonte George,33.19002533,24.5,24.91215134,0.802232325,0.609965324,1,O
01/17/2026,UTA,Brice Sensabaugh,26.02745819,18.5,20.61180115,3.598196507,0.734402001,1,O
01/17/2026,SAS,Stephon Castle,31.77923012,16.5,19.11414528,0.313010305,0.528114915,1,O
01/17/2026,SAS,Luke Kornet,21.08468056,6.5,8.28521347,0.334966332,0.577000082,1,O
01/17/2026,SAS,Julian Champagnie,31.73517799,12.5,15.52469349,0.600316703,0.521451294,1,O
01/17/2026,POR,Jerami Grant,22.33828735,15.5,23.62760353,0.484921038,0.560080767,1,O
01/17/2026,PHO,Royce O'Neale,31.14535904,9.5,12.33756447,1.856104732,0.630056918,1,O
01/17/2026,PHO,Oso Ighodaro,19.96364403,4.5,6.665731907,0.143796995,0.542144835,1,O
01/17/2026,PHO,Mark Williams,26.43580246,10.5,10.67314434,1.066722512,0.509070098,1,O
01/17/2026,PHO,Grayson Allen,22.69330215,14.5,17.92575836,1.740109324,0.551953197,1,O
01/17/2026,PHO,Dillon Brooks,31.31804657,19.5,19.91323662,1.414324641,0.53904748,1,O
01/17/2026,PHO,Devin Booker,33.49429321,24.5,28.83569336,2.243044615,0.669048846,1,O
01/17/2026,OKC,Luguentz Dort,25.47253799,7.5,9.665495872,1.369485021,0.651431024,1,O
01/17/2026,OKC,Ajay Mitchell,25.85580635,12.5,16.3223896,2.628735304,0.675319374,1,O
01/17/2026,OKC,Aaron Wiggins,25.62384796,8.5,9.011528969,1.079699993,0.602807462,1,O
01/17/2026,NYK,OG Anunoby,34.33093262,17.5,20.07469177,2.246990442,0.591852367,1,O
01/17/2026,NYK,Mitchell Robinson,20.60420227,5.5,6.433176994,0.384949893,0.547777236,1,O
01/17/2026,NYK,Mikal Bridges,34.30935287,16.5,18.23227692,3.568980217,0.679145515,1,O
01/17/2026,NYK,Josh Hart,33.51791763,12.5,12.68834972,1.04595232,0.556825578,1,O
01/17/2026,MIN,Julius Randle,33.10517883,19.5,26.95820618,4.833280563,0.764368594,1,O
01/17/2026,MIN,Jaden McDaniels,32.79131699,13.5,16.92780304,2.661836147,0.693603814,1,O
01/17/2026,MIN,Donte DiVincenzo,34.05513,12.5,14.31399632,2.260789633,0.696431279,1,O
01/17/2026,MIA,Bam Adebayo,32.17323303,16.5,17.65056992,0.784378946,0.501226008,1,O
01/17/2026,MIA,Andrew Wiggins,32.68294525,15.5,17.48645401,1.367444634,0.567555726,1,O
01/17/2026,GSW,Moses Moody,24.81142235,9.5,9.906545639,1.913792729,0.56438911,1,O
01/17/2026,GSW,Jimmy Butler,29.22045135,21.5,23.99768448,2.69431901,0.760335267,1,O
01/17/2026,GSW,De'Anthony Melton,21.62432098,10.5,11.8730793,1.301814675,0.568908334,1,O
01/17/2026,DET,Jaden Ivey,17.54458618,8.5,9.172354698,0.977982104,0.583484352,1,O
01/17/2026,DET,Isaiah Stewart,21.2917614,8.5,9.913684845,1.022584558,0.614472628,1,O
01/17/2026,DET,Duncan Robinson,25.37785339,10.5,14.79012108,4.718573093,0.639293909,1,O
01/17/2026,DEN,Tim Hardaway Jr.,27.83536339,14.5,16.47950745,0.818028033,0.63502419,1,O
01/17/2026,DEN,Peyton Watson,32.5722847,19.5,23.52193642,1.766504645,0.562118292,1,O
01/17/2026,DEN,Jalen Pickett,28.06411171,10.5,10.97780132,1.130271435,0.565488338,1,O
01/17/2026,DAL,Caleb Martin,25.36224747,8.5,9.336000443,1.691495657,0.594341815,1,O
01/17/2026,CHO,Sion James,22.37493515,4.5,7.164019585,1.720101118,0.582957268,1,O
01/17/2026,CHO,Ryan Kalkbrenner,26.01277924,7.5,8.033135414,0.939186692,0.587272763,1,O
01/17/2026,CHO,Moussa Diabate,28.13649178,7.5,8.872145653,0.318838805,0.569075704,1,O
01/17/2026,BOS,Sam Hauser,29.17542648,10.5,15.67719841,2.425200224,0.584870577,1,O
01/17/2026,BOS,Neemias Queta,26.93830681,10.5,10.60050488,1.38745296,0.518536031,1,O
01/17/2026,BOS,Luka Garza,20.7518158,8.5,9.426718712,0.529326916,0.545744002,1,O
01/17/2026,BOS,Derrick White,35.77932358,20.5,21.75192451,2.240082741,0.664140224,1,O
01/17/2026,ATL,Onyeka Okongwu,33.57409286,16.5,17.21813393,0.649022937,0.565797091,1,O
01/17/2026,ATL,Nickeil Alexander-Walker,33.37930298,17.5,20.61396599,1.370798349,0.543204188,1,O
01/17/2026,ATL,Luke Kennard,18.39004517,7.5,9.733837128,1.322023273,0.607378602,1,O
01/17/2026,ATL,CJ McCollum,26.49104881,18.5,20.10687065,1.326072335,0.535816669,1,O
01/17/2026,WAS,Will Riley,16.61153984,8.5,9.627153397,-0.204689398,0.392330229,0,-
01/17/2026,UTA,Jusuf Nurkic,12.36134243,13.5,14.40703011,-5.078298092,0.278989643,0,-
01/17/2026,UTA,Isaiah Collier,27.61450386,10.5,10.18306446,0.392688215,0.491213799,0,-
01/17/2026,UTA,Cody Williams,27.31186676,8.5,9.696224213,-0.296465248,0.499852985,0,-
01/17/2026,UTA,Ace Bailey,27.17288399,13.5,9.335811615,0.427975416,0.495476842,0,-
01/17/2026,SAS,Harrison Barnes,26.88905716,9.5,8.094888687,1.286505342,0.521787882,1,-
01/17/2026,POR,Shaedon Sharpe,32.01773453,24.5,22.51884651,1.859378576,0.639866292,1,-
01/17/2026,POR,Robert Williams,15.8333683,6.5,8.019906044,0.808900714,0.474842459,0,-
01/17/2026,POR,Jrue Holiday,23.52432632,12.5,13.35793304,0.721775174,0.49108544,0,-
01/17/2026,POR,Donovan Clingan,29.2078476,10.5,10.68814087,-0.80841887,0.331869006,0,-
01/17/2026,PHO,Collin Gillespie,29.78717995,11.5,12.17814064,-0.020956999,0.519087672,1,-
01/17/2026,OKC,Jalen Williams,32.26707458,18.5,16.03151703,0.75956881,0.510675788,1,-
01/17/2026,OKC,Cason Wallace,22.80730629,7.5,6.402725697,0.217116445,0.508230805,1,-
01/17/2026,OKC,Alex Caruso,17.8689518,6.5,6.471883774,0.559186637,0.538546443,1,-
01/17/2026,NYK,Miles McBride,30.12468147,15.5,14.90908718,0.703551948,0.567614377,1,-
01/17/2026,MIN,Rudy Gobert,29.07577896,9.5,10.18397045,0.480580747,0.489369512,0,-
01/17/2026,MIN,Mike Conley,21.98508453,3.5,6.833321571,0.062333152,0.46318236,0,-
01/17/2026,MIA,Norman Powell,27.14875221,21.5,21.82153702,-2.106651306,0.367054254,0,-
01/17/2026,LAL,Rui Hachimura,26.7443943,10.5,10.96025276,0.616461933,0.480831027,0,-
01/17/2026,LAL,Marcus Smart,32.28760529,12.5,10.522645,1.311672091,0.577488542,1,-
01/17/2026,LAL,LeBron James,33.83833313,28.5,26.15790939,0.269712359,0.606472313,1,-
01/17/2026,IND,Johnny Furphy,27.11800957,10.5,8.753444672,0.751961887,0.434428126,0,-
01/17/2026,IND,Jay Huff,26.58405495,13.5,13.84519386,2.178363562,0.475454092,0,-
01/17/2026,IND,Ben Sheppard,27.32351494,10.5,8.162568092,0.215412498,0.467355907,0,-
01/17/2026,GSW,Brandin Podziemski,21.89019775,9.5,9.963923454,0.629529059,0.496477604,0,-
01/17/2026,DET,Tobias Harris,24.18713951,12.5,11.40435314,0.27215144,0.432797074,0,-
01/17/2026,DET,Cade Cunningham,29.62480354,26.5,25.32771111,1.578595996,0.582889378,1,-
01/17/2026,DEN,Zeke Nnaji,19.23381615,7.5,7.700810909,-1.357333302,0.365553558,0,-
01/17/2026,DEN,Bruce Brown,22.76168823,6.5,6.68741703,-0.312348723,0.476793766,0,-
01/17/2026,DAL,Naji Marshall,31.78393173,21.5,19.12309456,0.483227462,0.633160174,1,-
01/17/2026,DAL,Klay Thompson,23.52465248,15.5,15.29932499,0.020729732,0.514538944,1,-
01/17/2026,CHO,LaMelo Ball,28.1304245,18.5,19.03469276,-0.814618349,0.460122973,0,-
01/17/2026,CHO,Grant Williams,11.84400463,6.5,6.827582836,-2.629295588,0.20622392,0,-
01/17/2026,BOS,Jaylen Brown,31.43142319,30.5,29.7318573,0.989618421,0.594133973,1,-
01/17/2026,BOS,Anfernee Simons,25.66511345,17.5,17.46235847,2.220354319,0.603326321,1,-
01/17/2026,ATL,Vit Krejci,26.15817261,8.5,8.416560173,0.432264745,0.542934835,1,-
01/17/2026,ATL,Dyson Daniels,33.54326248,10.5,11.97990227,0.066706963,0.464800388,0,-
01/17/2026,ATL,Corey Kispert,20.03072929,7.5,8.306146622,-0.09894909,0.562939525,1,-
01/18/2026,TOR,Sandro Mamukelashvili,20.95584297180176,9.5,6.400774002075195,-1.942413091659546,0.2891861498355865,0,U
01/18/2026,TOR,Jamal Shead,25.58115768432617,10.5,9.58444118499756,-0.9091300964355468,0.4241829514503479,0,U
01/18/2026,POR,Toumani Camara,31.752704620361328,13.5,11.005234718322754,-1.217146396636963,0.4415532648563385,0,U
01/18/2026,POR,Jrue Holiday,16.57649803161621,12.5,9.045456886291504,-3.232771635055542,0.2165237069129943,0,U
01/18/2026,POR,Jerami Grant,13.769530296325684,16.5,15.493654251098633,-6.701295375823975,0.2398812025785446,0,U
01/18/2026,POR,Duop Reath,11.402695655822754,5.5,4.220776081085205,-1.5336002111434937,0.1520086377859115,0,U
01/18/2026,NOP,Jordan Poole,19.450963973999023,10.5,10.00978946685791,-1.1601465940475464,0.4293625950813293,0,U
01/18/2026,NOP,Jeremiah Fears,27.54574203491211,12.5,12.311064720153809,-0.9383570551872252,0.3742557168006897,0,U
01/18/2026,MEM,Jaylen Wells,26.61638259887696,9.5,7.070456027984619,-0.4168254137039184,0.4804560542106628,0,U
01/18/2026,LAL,Rui Hachimura,17.639331817626953,6.5,6.287096977233887,-1.462227702140808,0.3630963563919067,0,U
01/18/2026,HOU,Tari Eason,19.955041885375977,11.5,7.879350185394287,-1.2987903356552124,0.3147403001785278,0,U
01/18/2026,HOU,Reed Sheppard,21.4616641998291,11.5,9.124696731567385,-0.6660440564155579,0.4482820332050323,0,U
01/18/2026,DEN,Zeke Nnaji,19.47161865234375,7.5,4.825954914093018,-1.3316383361816406,0.4216086268424988,0,U
01/18/2026,DEN,Bruce Brown,22.4635009765625,7.5,5.627527236938477,-0.4591338634490967,0.3667358458042145,0,U
01/18/2026,DEN,Aaron Gordon,27.117862701416016,18.5,16.341747283935547,-1.921242594718933,0.342460423707962,0,U
01/18/2026,CHO,Miles Bridges,30.703311920166016,17.5,16.734586715698242,-1.0740110874176023,0.3852867484092712,0,U
01/18/2026,CHO,Collin Sexton,18.16586685180664,11.5,10.04281520843506,-1.3324247598648071,0.4219916760921478,0,U
01/18/2026,CHI,Matas Buzelis,29.50303077697754,15.5,14.48940372467041,-1.3453291654586792,0.391444444656372,0,U
01/18/2026,CHI,Jalen Smith,26.903913497924805,14.5,13.345327377319336,-0.2465613484382629,0.3960160613059997,0,U
01/18/2026,BRK,Tyrese Martin,11.472309112548828,8.5,7.885469913482666,-2.495157241821289,0.237723708152771,0,U
01/18/2026,BRK,Terance Mann,25.22915840148925,7.5,5.895166873931885,-0.6108324527740479,0.4300111830234527,0,U
01/18/2026,BRK,Noah Clowney,30.453123092651367,15.5,14.078585624694824,-1.6683154106140137,0.3629685342311859,0,U
01/18/2026,BRK,Danny Wolf,24.976577758789062,10.5,7.774452209472656,-1.0484395027160645,0.396869421005249,0,U
01/18/2026,TOR,Scottie Barnes,34.784393310546875,20.5,23.64118766784668,1.1459869146347046,0.5850486159324646,1,O
01/18/2026,TOR,Immanuel Quickley,26.47817039489746,16.5,21.68930625915528,0.0156533531844615,0.5659616589546204,1,O
01/18/2026,TOR,Collin Murray-Boyles,30.99085807800293,10.5,11.354978561401367,0.5117707252502441,0.5246025323867798,1,O
01/18/2026,SAC,Russell Westbrook,32.05736541748047,14.5,16.972206115722656,0.4589208960533142,0.5293518900871277,1,O
01/18/2026,SAC,Precious Achiuwa,28.32186508178711,9.5,12.768579483032228,1.0897343158721924,0.5403998494148254,1,O
01/18/2026,SAC,Malik Monk,17.909940719604492,8.5,10.705949783325195,1.4976955652236938,0.5619809031486511,1,O
01/18/2026,SAC,Domantas Sabonis,22.643230438232425,12.5,19.921775817871094,1.3122204542160034,0.5864371657371521,1,O
01/18/2026,SAC,DeMar DeRozan,33.95204544067383,19.5,25.225908279418945,2.495175838470459,0.6692748069763184,1,O
01/18/2026,ORL,Wendell Carter Jr.,29.31211471557617,10.5,15.92616081237793,1.3743093013763428,0.5585910081863403,1,O
01/18/2026,ORL,Paolo Banchero,35.13669204711914,22.5,22.88713455200196,1.2683755159378052,0.5442801117897034,1,O
01/18/2026,ORL,Noah Penda,21.045747756958008,6.5,8.780637741088867,0.226022183895111,0.594601571559906,1,O
01/18/2026,ORL,Desmond Bane,32.01335906982422,19.5,21.79136657714844,2.33638334274292,0.6542999148368835,1,O
01/18/2026,ORL,Anthony Black,32.604679107666016,15.5,19.69227600097656,2.1348366737365723,0.5792926549911499,1,O
01/18/2026,NOP,Yves Missi,20.57722854614257,5.5,7.131415367126465,0.2941462993621826,0.5070682764053345,1,O
01/18/2026,NOP,Trey Murphy III,33.75393295288086,20.5,24.026222229003903,0.5189778208732605,0.5789046883583069,1,O
01/18/2026,NOP,Saddiq Bey,29.841203689575195,12.5,16.423175811767578,0.2944579422473907,0.5282886028289795,1,O
01/18/2026,MEM,Santi Aldama,30.603679656982425,13.5,17.228445053100586,4.222227096557617,0.6662930250167847,1,O
01/18/2026,MEM,Jock Landale,20.37386703491211,8.5,10.17725658416748,0.5971348285675049,0.585082471370697,1,O
01/18/2026,MEM,Jaren Jackson Jr.,30.62969970703125,18.5,21.89500999450684,1.2696765661239624,0.5496760010719299,1,O
01/18/2026,MEM,Ja Morant,29.26229858398437,18.5,23.52350234985352,6.510665416717529,0.6462036967277527,1,O
01/18/2026,LAL,Marcus Smart,29.963518142700195,9.5,12.699212074279783,2.0264813899993896,0.6267712116241455,1,O
01/18/2026,LAL,Jake LaRavia,31.802675247192383,10.5,14.923701286315918,1.024142146110535,0.5492214560508728,1,O
01/18/2026,HOU,Kevin Durant,34.40376663208008,25.5,27.90917015075684,0.399243950843811,0.5966002941131592,1,O
01/18/2026,HOU,Jabari Smith Jr.,33.12481689453125,15.5,16.83272361755371,0.8385342359542847,0.5196940302848816,1,O
01/18/2026,HOU,Amen Thompson,34.15928268432617,19.5,23.66585731506348,2.616243362426758,0.6496148705482483,1,O
01/18/2026,DEN,Jamal Murray,31.9237117767334,28.5,30.28224372863769,1.412304162979126,0.6531256437301636,1,O
01/18/2026,CHO,Sion James,21.847206115722656,5.5,6.812405109405518,0.2246099412441253,0.5149976015090942,1,O
01/18/2026,CHO,LaMelo Ball,27.5339298248291,18.5,22.98757743835449,1.266585350036621,0.523425817489624,1,O
01/18/2026,CHO,Kon Knueppel,30.294174194335938,17.5,19.86384010314941,1.343273043632507,0.5542081594467163,1,O
01/18/2026,CHI,Nikola Vucevic,30.84146499633789,17.5,17.631572723388672,0.744638979434967,0.5555171966552734,1,O
01/18/2026,CHI,Kevin Huerter,21.73965835571289,9.5,9.634801864624023,0.0248335916548967,0.5155569314956665,1,O
01/18/2026,CHI,Coby White,28.06893348693848,18.5,18.750205993652344,1.0755752325057983,0.5419815182685852,1,O
01/18/2026,BRK,Day'Ron Sharpe,20.56211853027344,8.5,9.766103744506836,0.6253260374069214,0.6226851344108582,1,O
01/18/2026,TOR,Brandon Ingram,32.70372009277344,23.5,23.22319221496582,-0.301241397857666,0.534096896648407,1,-
01/18/2026,SAC,Zach LaVine,31.845186233520508,20.5,20.98433494567871,-1.3729376792907717,0.4014421701431274,0,-
01/18/2026,SAC,Maxime Raynaud,28.933698654174805,8.5,10.095443725585938,0.453161358833313,0.4786410927772522,0,-
01/18/2026,SAC,Dennis Schroder,12.338951110839844,10.5,11.14426326751709,-2.515244960784912,0.2433599829673767,0,-
01/18/2026,POR,Shaedon Sharpe,31.017963409423828,24.5,19.11583709716797,-0.0558374039828777,0.5004612803459167,1,-
01/18/2026,POR,Rayan Rupert,17.224029541015625,4.5,7.225047588348389,-0.0134715475142002,0.4206365346908569,0,-
01/18/2026,POR,Donovan Clingan,28.393373489379883,12.5,11.531883239746094,0.7473772764205933,0.5208300352096558,1,-
01/18/2026,POR,Deni Avdija,22.91535758972168,25.5,26.43811798095703,-1.384267807006836,0.5338073968887329,1,-
01/18/2026,ORL,Franz Wagner,28.056514739990234,18.5,21.39759635925293,-0.6707472205162048,0.3941312730312347,0,-
01/18/2026,NOP,Zion Williamson,30.250259399414062,19.5,20.37943458557129,-1.3617836236953735,0.3711627423763275,0,-
01/18/2026,NOP,Derik Queen,25.238513946533203,10.5,9.708152770996094,0.0334267243742942,0.5354494452476501,1,-
01/18/2026,MEM,Cedric Coward,25.260114669799805,12.5,14.202377319335938,0.984031856060028,0.4529221355915069,0,-
01/18/2026,MEM,Cam Spencer,23.047870635986328,8.5,9.727374076843262,-0.4108641445636749,0.4130566120147705,0,-
01/18/2026,LAL,Luka Doncic,32.49864959716797,32.5,30.07925796508789,0.5804121494293213,0.5506128668785095,1,-
01/18/2026,LAL,LeBron James,31.28812789916992,22.5,24.01024627685547,-0.8358986973762512,0.4040160477161407,0,-
01/18/2026,LAL,Deandre Ayton,29.063594818115234,11.5,11.35639190673828,0.1501795947551727,0.5307645201683044,1,-
01/18/2026,HOU,Steven Adams,24.438560485839844,6.5,6.362776756286621,0.4331679344177246,0.5087860822677612,1,-
01/18/2026,HOU,Alperen Sengun,29.7115421295166,22.5,18.169055938720703,-0.7294566631317139,0.5060600638389587,1,-
01/18/2026,DEN,Tim Hardaway Jr.,29.390625,15.5,14.970502853393556,0.955604612827301,0.5585137605667114,1,-
01/18/2026,DEN,Peyton Watson,32.79191207885742,20.5,21.73911094665528,-0.2278655022382736,0.4960491359233856,0,-
01/18/2026,DEN,Jalen Pickett,28.62506103515625,9.5,10.32137393951416,-0.1613578349351883,0.4471213519573211,0,-
01/18/2026,CHO,Moussa Diabate,30.272192001342773,7.5,8.62891960144043,-0.0667629241943359,0.5304197669029236,1,-
01/18/2026,CHO,Brandon Miller,30.134401321411133,20.5,17.530080795288086,-1.102446436882019,0.5147402286529541,1,-
01/18/2026,CHI,Tre Jones,22.643314361572266,9.5,12.898675918579102,0.1943326592445373,0.4684701263904571,0,-
01/18/2026,CHI,Isaac Okoro,29.474124908447266,9.5,10.266889572143556,-0.0143596259877085,0.5382887125015259,1,-
01/18/2026,CHI,Ayo Dosunmu,23.11595916748047,12.5,13.595130920410156,0.1754865050315857,0.4694551229476928,0,-
01/19/2026,WAS,Tre Johnson,29.86500740051269,14.5,12.083880424499512,-1.4253138303756714,0.3262447416782379,0,U
01/19/2026,UTA,Kyle Filipowski,19.930339813232425,12.5,9.433177947998049,-1.4791134595870972,0.3717168569564819,0,U
01/19/2026,UTA,Keyonte George,32.41700744628906,23.5,20.71096992492676,-1.4557580947875977,0.4761941432952881,0,U
01/19/2026,UTA,Isaiah Collier,22.08538627624512,9.5,8.412195205688477,-0.6678308844566345,0.3939958214759826,0,U
01/19/2026,SAS,Victor Wembanyama,25.236013412475582,25.5,21.17472076416016,-2.227472305297852,0.4202131927013397,0,U
01/19/2026,SAS,Keldon Johnson,23.17745590209961,13.5,12.671048164367676,-1.1805031299591064,0.4777189791202545,0,U
01/19/2026,SAS,Julian Champagnie,31.07084083557129,12.5,12.038948059082031,-0.484565794467926,0.479724109172821,0,U
01/19/2026,SAS,Harrison Barnes,24.683813095092773,10.5,6.5703654289245605,-0.84800785779953,0.3916502892971039,0,U
01/19/2026,PHO,Jordan Goodwin,21.96794509887696,7.5,7.141982078552246,-0.5175064206123352,0.4812436103820801,0,U
01/19/2026,PHO,Jalen Green,18.274173736572266,12.5,9.577796936035156,-1.4988272190093994,0.4546997547149658,0,U
01/19/2026,PHI,Tyrese Maxey,35.55267333984375,28.5,26.3186264038086,-1.5608617067337036,0.4905731379985809,0,U
01/19/2026,OKC,Chet Holmgren,30.66270065307617,17.5,15.5648832321167,-0.6429150700569153,0.4282936453819275,0,U
01/19/2026,OKC,Ajay Mitchell,26.6193790435791,15.5,13.859475135803224,-0.0918886885046958,0.4059605598449707,0,U
01/19/2026,NYK,Karl-Anthony Towns,30.19888496398925,21.5,17.53255844116211,-2.267287254333496,0.4087803065776825,0,U
01/19/2026,NYK,Jalen Brunson,28.26488494873047,28.5,23.247631072998047,-0.3227229118347168,0.494103342294693,0,U
01/19/2026,MIL,Ryan Rollins,32.861663818359375,13.5,11.882076263427734,-0.2175667434930801,0.4623529613018036,0,U
01/19/2026,MIL,Giannis Antetokounmpo,29.4208927154541,30.5,28.858301162719727,-0.9781054854393004,0.449163943529129,0,U
01/19/2026,MIA,Norman Powell,28.8853702545166,22.5,22.37861633300781,-1.596695065498352,0.481253445148468,0,U
01/19/2026,MIA,Nikola Jovic,16.032455444335938,7.5,4.253178119659424,-1.542306661605835,0.223516434431076,0,U
01/19/2026,MIA,Kel'el Ware,16.041723251342773,7.5,5.529810428619385,-1.4104818105697632,0.3008617758750915,0,U
01/19/2026,MIA,Jaime Jaquez Jr.,15.334779739379885,12.5,11.812285423278809,-4.182857036590576,0.321357786655426,0,U
01/19/2026,LAC,Brook Lopez,15.671114921569824,6.5,6.170223236083984,-0.5007861256599426,0.3184642791748047,0,U
01/19/2026,IND,T.J. McConnell,16.60478973388672,8.5,6.691897392272949,-1.108959674835205,0.2925353050231933,0,U
01/19/2026,IND,Aaron Nesmith,27.732467651367188,14.5,11.908432960510254,-1.415632724761963,0.3594527542591095,0,U
01/19/2026,GSW,Quinten Post,20.246076583862305,8.5,5.847354412078857,-1.9092421531677248,0.3819888234138489,0,U
01/19/2026,GSW,Gary Payton II,14.358863830566406,6.5,4.425881862640381,-2.275309085845948,0.2561946809291839,0,U
01/19/2026,DET,Tobias Harris,22.99707794189453,12.5,10.024662017822266,-0.9979748129844666,0.4160224497318268,0,U
01/19/2026,DET,Jalen Duren,26.18741035461425,15.5,14.170756340026855,-0.6938462257385254,0.4825617671012878,0,U
01/19/2026,DET,Cade Cunningham,29.70034408569336,24.5,24.281869888305664,-2.811535596847534,0.3427036106586456,0,U
01/19/2026,DET,Ausar Thompson,25.22395706176757,9.5,7.7307281494140625,-0.6287611126899719,0.4067553877830505,0,U
01/19/2026,DAL,Brandon Williams,21.782676696777344,15.5,13.384963035583496,-0.9834357500076294,0.3772585391998291,0,U
01/19/2026,CLE,Jarrett Allen,29.83328437805176,12.5,10.625503540039062,-2.28171706199646,0.3302121460437774,0,U
01/19/2026,CLE,Evan Mobley,33.314334869384766,17.5,16.030214309692383,-0.8530871272087097,0.4606790244579315,0,U
01/19/2026,CLE,Donovan Mitchell,34.32621765136719,27.5,25.43799591064453,-0.7814311385154724,0.4637936055660248,0,U
01/19/2026,CLE,Dean Wade,25.617834091186523,4.5,4.15738582611084,-0.0702243894338607,0.4154988527297973,0,U
01/19/2026,CLE,De'Andre Hunter,21.97021102905273,13.5,10.909982681274414,-1.5057239532470703,0.3554781079292297,0,U
01/19/2026,CLE,Craig Porter Jr.,18.969560623168945,6.5,4.169668674468994,-0.4142287671566009,0.3525183498859405,0,U
01/19/2026,BRK,Ziaire Williams,19.73406410217285,7.5,6.223624229431152,-0.1172683238983154,0.3838195204734802,0,U
01/19/2026,BRK,Tyrese Martin,10.993402481079102,8.5,7.651411056518555,-1.202754020690918,0.3773941397666931,0,U
01/19/2026,BRK,Noah Clowney,30.62268447875977,13.5,13.2587890625,-1.1673095226287842,0.348852664232254,0,U
01/19/2026,BRK,Michael Porter Jr.,24.74733161926269,23.5,21.43745994567871,-2.3711962699890137,0.4697276651859283,0,U
01/19/2026,BOS,Payton Pritchard,31.355335235595703,15.5,11.52625560760498,-1.220176339149475,0.4072329998016357,0,U
01/19/2026,BOS,Derrick White,34.37042617797852,17.5,16.27752685546875,-0.9610362648963928,0.423616349697113,0,U
01/19/2026,ATL,Jalen Johnson,33.5765266418457,22.5,16.434587478637695,-2.247352361679077,0.453790545463562,0,U
01/19/2026,WAS,Kyshawn George,30.576528549194336,14.5,18.43264389038086,3.523975610733032,0.7244588136672974,1,O
01/19/2026,WAS,Khris Middleton,22.77501106262207,10.5,11.478961944580078,0.7107751369476318,0.5730476379394531,1,O
01/19/2026,UTA,Cody Williams,28.23307609558105,8.5,10.096151351928713,0.5526262521743774,0.6169326901435852,1,O
01/19/2026,UTA,Brice Sensabaugh,27.331403732299805,18.5,23.95524787902832,3.952725648880005,0.7406589984893799,1,O
01/19/2026,SAS,Luke Kornet,21.95858192443848,7.5,8.08283805847168,0.2433177083730697,0.5783807039260864,1,O
01/19/2026,PHO,Mark Williams,25.94950294494629,10.5,12.274575233459473,1.6793131828308103,0.564687967300415,1,O
01/19/2026,PHO,Grayson Allen,24.054248809814453,13.5,20.59888458251953,2.770350217819214,0.607932448387146,1,O
01/19/2026,PHO,Devin Booker,34.20659637451172,23.5,25.215999603271484,0.8320356011390686,0.5470215678215027,1,O
01/19/2026,PHO,Collin Gillespie,29.392383575439453,10.5,13.264561653137209,1.1240007877349854,0.5690935850143433,1,O
01/19/2026,PHI,Quentin Grimes,26.083505630493164,10.5,10.638885498046877,0.9418403506278992,0.5737431049346924,1,O
01/19/2026,OKC,Alex Caruso,18.99048042297364,5.5,7.495713710784912,0.3703210651874542,0.527549147605896,1,O
01/19/2026,NYK,OG Anunoby,33.83174133300781,17.5,20.7127685546875,2.898203134536743,0.6874791383743286,1,O
01/19/2026,NYK,Mikal Bridges,33.44746780395508,16.5,18.80826187133789,2.877324104309082,0.677266538143158,1,O
01/19/2026,NYK,Josh Hart,32.56488037109375,12.5,15.119462013244627,1.1456305980682373,0.6940997838973999,1,O
01/19/2026,MIL,Bobby Portis,21.59467506408692,10.5,12.31778049468994,1.1673935651779177,0.5575541257858276,1,O
01/19/2026,MIA,Bam Adebayo,31.251996994018555,18.5,18.941017150878903,3.2493326663970947,0.6074100136756897,1,O
01/19/2026,LAC,Kris Dunn,28.1833724975586,7.5,7.982141971588135,1.0478200912475586,0.5079622864723206,1,O
01/19/2026,IND,Pascal Siakam,29.45334243774414,23.5,27.84904670715332,1.083212971687317,0.5982022881507874,1,O
01/19/2026,IND,Johnny Furphy,25.275524139404297,6.5,8.342453956604004,1.549291729927063,0.5594882369041443,1,O
01/19/2026,IND,Jay Huff,23.4008903503418,10.5,12.674901008605955,1.2315642833709717,0.5724077820777893,1,O
01/19/2026,IND,Jarace Walker,18.300012588500977,7.5,8.19810676574707,0.0033651757985353,0.5034546256065369,1,O
01/19/2026,GSW,Will Richard,24.47165870666504,7.5,7.906847953796387,0.978210747241974,0.5082565546035767,1,O
01/19/2026,GSW,Moses Moody,26.20029258728028,11.5,13.51848030090332,3.1503336429595947,0.6582285165786743,1,O
01/19/2026,GSW,Jimmy Butler,24.0364990234375,21.5,22.66050720214844,0.3359529972076416,0.5895996689796448,1,O
01/19/2026,GSW,Brandin Podziemski,23.47465133666992,11.5,13.707757949829102,1.8405367136001587,0.5499356389045715,1,O
01/19/2026,DET,Jaden Ivey,18.953962326049805,8.5,9.078932762145996,0.1010431945323944,0.5363634824752808,1,O
01/19/2026,DET,Isaiah Stewart,22.623050689697266,8.5,16.84576988220215,2.824347496032715,0.7108310461044312,1,O
01/19/2026,DET,Duncan Robinson,25.753965377807617,10.5,14.699455261230469,3.852599859237671,0.719507098197937,1,O
01/19/2026,DAL,Naji Marshall,30.511255264282227,15.5,17.102386474609375,1.4833259582519531,0.5941615700721741,1,O
01/19/2026,CLE,Jaylon Tyson,28.376508712768555,14.5,15.081302642822266,1.011730670928955,0.5794735550880432,1,O
01/19/2026,BRK,Danny Wolf,19.076160430908203,7.5,8.08484172821045,0.6481835246086121,0.5032821297645569,1,O
01/19/2026,BOS,Sam Hauser,29.697492599487305,9.5,15.04334831237793,2.7991397380828857,0.5948326587677002,1,O
01/19/2026,BOS,Neemias Queta,25.690513610839844,8.5,9.953632354736328,1.7625575065612793,0.581842303276062,1,O
01/19/2026,BOS,Jaylen Brown,28.63252258300781,28.5,29.51602363586425,1.2461165189743042,0.5849512219429016,1,O
01/19/2026,BOS,Anfernee Simons,24.36312866210937,13.5,15.520326614379885,0.8644332885742188,0.517120897769928,1,O
01/19/2026,ATL,Onyeka Okongwu,32.43109893798828,16.5,17.928110122680664,0.8207118511199951,0.5333231687545776,1,O
01/19/2026,ATL,Nickeil Alexander-Walker,32.09028625488281,19.5,19.936494827270508,0.5037150979042053,0.5844431519508362,1,O
01/19/2026,ATL,Dyson Daniels,33.12657928466797,10.5,11.066617965698242,0.5118170976638794,0.5158341526985168,1,O
01/19/2026,ATL,CJ McCollum,25.529617309570312,16.5,20.087635040283203,2.219409465789795,0.534525990486145,1,O
01/19/2026,WAS,Justin Champagnie,23.553985595703125,10.5,10.334442138671877,0.5234948992729187,0.5225720405578613,1,-
01/19/2026,UTA,Ace Bailey,28.137535095214844,14.5,13.321569442749023,0.244112953543663,0.5039416551589966,1,-
01/19/2026,SAS,Stephon Castle,30.26908302307129,17.5,17.39820098876953,0.1252520084381103,0.5140998959541321,1,-
01/19/2026,SAS,Dylan Harper,21.41718101501465,10.5,10.134504318237305,0.1145227998495101,0.4753234386444092,0,-
01/19/2026,SAS,De'Aaron Fox,32.12586975097656,19.5,19.211328506469727,0.3968814611434936,0.5669205784797668,1,-
01/19/2026,PHO,Ryan Dunn,18.06502914428711,4.5,5.154220581054688,-0.1390000879764557,0.4418922364711761,0,-
01/19/2026,PHO,Royce O'Neale,30.93158912658692,9.5,11.609845161437988,0.8647850155830383,0.4959734678268432,0,-
01/19/2026,PHO,Oso Ighodaro,21.17377281188965,4.5,6.391221523284912,0.1640351116657257,0.4721445739269256,0,-
01/19/2026,PHO,Dillon Brooks,30.78973388671875,18.5,19.150615692138672,-0.3649488091468811,0.4386736452579498,0,-
01/19/2026,PHI,VJ Edgecombe,34.98384094238281,15.5,12.620312690734863,-0.4545168280601501,0.5066983103752136,1,-
01/19/2026,PHI,Paul George,25.876649856567383,15.5,15.70766544342041,0.7839035987854004,0.4824766218662262,0,-
01/19/2026,PHI,Kelly Oubre Jr.,28.60391426086425,11.5,10.609225273132324,0.3648135066032409,0.5667256116867065,1,-
01/19/2026,PHI,Joel Embiid,32.43137741088867,26.5,25.49180221557617,0.2041781544685363,0.5442256927490234,1,-
01/19/2026,OKC,Shai Gilgeous-Alexander,34.36667251586914,32.5,32.32472610473633,0.9280670881271362,0.5184975862503052,1,-
01/19/2026,OKC,Luguentz Dort,25.42306137084961,7.5,7.205912113189697,0.0489255189895629,0.5326154828071594,1,-
01/19/2026,OKC,Cason Wallace,21.677221298217773,7.5,6.9274516105651855,0.009423965588212,0.519221842288971,1,-
01/19/2026,OKC,Aaron Wiggins,26.733396530151367,11.5,9.339890480041504,-0.0617578104138374,0.5106182098388672,1,-
01/19/2026,MIL,Myles Turner,25.83168029785156,10.5,10.461878776550291,0.1068903729319572,0.4852186739444732,0,-
01/19/2026,MIL,Kyle Kuzma,26.4892520904541,11.5,10.5181303024292,1.6070996522903442,0.5974414348602295,1,-
01/19/2026,MIA,Pelle Larsson,26.98507308959961,9.5,10.62312126159668,-0.279693603515625,0.4515923857688904,0,-
01/19/2026,MIA,Davion Mitchell,22.42769241333008,8.5,10.237217903137209,-0.2329394817352295,0.5117052793502808,1,-
01/19/2026,MIA,Andrew Wiggins,31.56047439575196,14.5,15.126977920532228,-0.0246526207774877,0.4986717700958252,0,-
01/19/2026,LAC,John Collins,22.08794593811035,14.5,18.612085342407227,-0.002381207421422,0.4443986415863037,0,-
01/19/2026,LAC,James Harden,35.164947509765625,29.5,26.90133476257324,1.8995869159698489,0.6939184665679932,1,-
01/19/2026,LAC,Ivica Zubac,30.50052833557129,16.5,15.28526210784912,0.9814973473548888,0.5305871963500977,1,-
01/19/2026,IND,Andrew Nembhard,30.81920623779297,16.5,16.241363525390625,0.3455322384834289,0.4571925103664398,0,-
01/19/2026,GSW,Stephen Curry,31.75072860717773,28.5,18.77122688293457,0.066236600279808,0.4414838552474975,0,-
01/19/2026,GSW,Draymond Green,22.275020599365234,9.5,8.80275821685791,0.0426386594772338,0.458404928445816,0,-
01/19/2026,GSW,Al Horford,18.39790916442871,7.5,5.720725059509277,0.1064720004796981,0.469003289937973,0,-
01/19/2026,DET,Caris LeVert,18.35454559326172,6.5,6.308378219604492,0.4320532977581024,0.428925484418869,0,-
01/19/2026,DAL,Max Christie,29.728683471679688,12.5,10.603952407836914,0.4796677529811859,0.4393666982650757,0,-
01/19/2026,DAL,Dwight Powell,22.667463302612305,5.5,6.300573825836182,-0.7503662109375,0.4191096127033233,0,-
01/19/2026,DAL,Cooper Flagg,28.716039657592773,20.5,18.193405151367188,-0.3413878083229065,0.5141738653182983,1,-
01/19/2026,BRK,Terance Mann,24.091306686401367,6.5,7.08232307434082,0.364417552947998,0.4783422946929931,0,-
01/19/2026,BRK,Nolan Traore,21.843307495117188,7.5,8.29917049407959,-0.31856369972229,0.4726313054561615,0,-
01/19/2026,BRK,Drake Powell,20.91571617126465,7.5,10.465495109558104,-0.3306360244750976,0.5741842985153198,1,-
01/19/2026,BOS,Luka Garza,18.908203125,7.5,7.033232688903809,-0.2085773795843124,0.5092065334320068,1,-
01/19/2026,ATL,Vit Krejci,20.64079666137696,7.5,6.79987907409668,0.2544674873352051,0.5155661702156067,1,-
01/20/2026,UTA,Lauri Markkanen,27.118911743164062,25.5,24.96759033203125,-1.6762415170669556,0.4678688645362854,0,U
01/20/2026,UTA,Isaiah Collier,21.7282772064209,9.5,8.663447380065918,-0.5971091985702515,0.40241119265556335,0,U
01/20/2026,TOR,Immanuel Quickley,30.78250503540039,17.5,16.29494285583496,-1.0123367309570312,0.3723241984844208,0,U
01/20/2026,SAS,Victor Wembanyama,25.57733726501465,22.5,21.657981872558594,-0.34493735432624817,0.4256380796432495,0,U
01/20/2026,SAS,Stephon Castle,28.605819702148438,15.5,13.429308891296387,-1.9143582582473755,0.3793216645717621,0,U
01/20/2026,SAS,Keldon Johnson,23.360260009765625,11.5,10.758330345153809,-1.003542184829712,0.39019203186035156,0,U
01/20/2026,SAS,Julian Champagnie,28.37403106689453,10.5,10.387948989868164,-0.9518721103668213,0.4708569049835205,0,U
01/20/2026,SAS,De'Aaron Fox,29.85259246826172,16.5,14.899823188781738,-2.1833701133728027,0.34661492705345154,0,U
01/20/2026,SAC,Maxime Raynaud,22.31285858154297,8.5,8.163354873657227,-0.29775282740592957,0.4715498685836792,0,U
01/20/2026,PHO,Dillon Brooks,29.342510223388672,17.5,15.263819694519043,-1.4986307621002197,0.377122700214386,0,U
01/20/2026,PHI,VJ Edgecombe,31.767629623413086,16.5,11.721911430358887,-1.215097188949585,0.3260849416255951,0,U
01/20/2026,PHI,Tyrese Maxey,32.97488021850586,29.5,22.724472045898438,-2.7084178924560547,0.3519960045814514,0,U
01/20/2026,PHI,Quentin Grimes,24.564294815063477,11.5,11.48874282836914,-0.4032866358757019,0.4595801532268524,0,U
01/20/2026,PHI,Paul George,26.426841735839844,17.5,14.172584533691406,-2.103855848312378,0.3525639474391937,0,U
01/20/2026,MIN,Donte DiVincenzo,31.719993591308594,13.5,10.558807373046875,-0.6842854619026184,0.384804368019104,0,U
01/20/2026,MIN,Anthony Edwards,32.38682174682617,31.5,22.68241310119629,-0.7415657043457031,0.44690215587615967,0,U
01/20/2026,MIA,Simone Fontecchio,16.89436912536621,7.5,6.954378604888916,-0.22355076670646667,0.4362128674983978,0,U
01/20/2026,MIA,Norman Powell,29.561172485351562,23.5,20.90857696533203,-1.1331238746643066,0.4522353410720825,0,U
01/20/2026,MIA,Jaime Jaquez Jr.,23.293737411499023,14.5,10.211448669433594,-2.512667179107666,0.41881266236305237,0,U
01/20/2026,MIA,Andrew Wiggins,29.513530731201172,16.5,16.117624282836914,-0.08130808174610138,0.4883912205696106,0,U
01/20/2026,LAL,Luka Doncic,31.866127014160156,32.5,31.076148986816406,-2.0447194576263428,0.3654094934463501,0,U
01/20/2026,LAC,James Harden,32.76337432861328,29.5,27.40583610534668,-1.0854865312576294,0.4815663695335388,0,U
01/20/2026,LAC,Ivica Zubac,28.54499053955078,16.5,12.60883903503418,-2.3343560695648193,0.32442203164100647,0,U
01/20/2026,HOU,Reed Sheppard,19.819679260253906,9.5,8.862119674682617,-0.6296721696853638,0.48862019181251526,0,U
01/20/2026,HOU,Clint Capela,13.13105583190918,3.5,3.0571179389953613,-2.4256958961486816,0.22385096549987793,0,U
01/20/2026,HOU,Alperen Sengun,30.182851791381836,18.5,17.940689086914062,-0.5917112827301025,0.4356023371219635,0,U
01/20/2026,GSW,Will Richard,23.762544631958008,8.5,6.144242286682129,-0.3482978045940399,0.42382609844207764,0,U
01/20/2026,GSW,Quinten Post,20.712947845458984,9.5,7.17514181137085,-1.4129219055175781,0.4358769953250885,0,U
01/20/2026,DEN,Peyton Watson,31.283246994018555,18.5,17.641380310058594,-0.34007853269577026,0.45517390966415405,0,U
01/20/2026,DEN,Aaron Gordon,27.311044692993164,18.5,17.581443786621094,-1.1883747577667236,0.40050747990608215,0,U
01/20/2026,CHI,Jalen Smith,23.33957862854004,12.5,9.026691436767578,-0.3246864974498749,0.41953784227371216,0,U
01/20/2026,CHI,Coby White,27.916200637817383,19.5,13.969486236572266,-2.600693464279175,0.341795951128006,0,U
01/20/2026,UTA,Keyonte George,30.964847564697266,25.5,26.814876556396484,0.4159373342990875,0.5791400671005249,1,O
01/20/2026,UTA,Jusuf Nurkic,29.21503448486328,13.5,16.071012496948242,1.8898708820343018,0.5849872827529907,1,O
01/20/2026,UTA,Brice Sensabaugh,26.15167236328125,17.5,22.661766052246094,1.9633699655532837,0.6029080152511597,1,O
01/20/2026,TOR,Gradey Dick,19.3463191986084,6.5,11.538338661193848,1.1746912002563477,0.5377859473228455,1,O
01/20/2026,SAS,Luke Kornet,21.39258575439453,5.5,7.800596714019775,0.2419566512107849,0.5912268161773682,1,O
01/20/2026,SAC,Russell Westbrook,30.656274795532227,15.5,16.24774932861328,0.6092755794525146,0.5366013646125793,1,O
01/20/2026,SAC,Precious Achiuwa,26.92349624633789,8.5,13.374710083007812,1.7394567728042603,0.5662838220596313,1,O
01/20/2026,SAC,Malik Monk,20.848102569580078,10.5,12.410913467407227,0.12900657951831818,0.5567407011985779,1,O
01/20/2026,SAC,Domantas Sabonis,27.817007064819336,13.5,16.037822723388672,0.40751489996910095,0.5191446542739868,1,O
01/20/2026,PHO,Royce O'Neale,28.776987075805664,8.5,10.082984924316406,0.3710554242134094,0.5026167631149292,1,O
01/20/2026,PHO,Grayson Allen,24.807634353637695,13.5,17.55169105529785,1.2511482238769531,0.5888597965240479,1,O
01/20/2026,PHO,Devin Booker,32.0847053527832,24.5,26.372955322265625,2.378626823425293,0.6246098875999451,1,O
01/20/2026,PHO,Collin Gillespie,27.749513626098633,10.5,13.852811813354492,1.308573603630066,0.5814322829246521,1,O
01/20/2026,MIN,Julius Randle,32.084842681884766,23.5,24.001020431518555,0.3428651988506317,0.5247925519943237,1,O
01/20/2026,LAL,Marcus Smart,27.973201751708984,8.5,12.686819076538086,1.6123757362365723,0.5791620016098022,1,O
01/20/2026,LAL,LeBron James,30.86467170715332,22.5,25.678842544555664,2.6657567024230957,0.6293670535087585,1,O
01/20/2026,LAC,Kris Dunn,29.608793258666992,8.5,9.868255615234375,0.7579065561294556,0.5153223872184753,1,O
01/20/2026,HOU,Tari Eason,25.213886260986328,9.5,14.336053848266602,0.8239545226097107,0.5482994914054871,1,O
01/20/2026,HOU,Jabari Smith Jr.,32.31446075439453,15.5,19.176834106445312,2.5912206172943115,0.5877481698989868,1,O
01/20/2026,HOU,Amen Thompson,32.94554138183594,17.5,21.980222702026367,0.10386878252029419,0.5139861702919006,1,O
01/20/2026,DEN,Tim Hardaway Jr.,27.001176834106445,14.5,19.139034271240234,1.8573068380355835,0.5747798085212708,1,O
01/20/2026,UTA,Svi Mykhailiuk,21.997690200805664,8.5,8.028977394104004,0.37054088711738586,0.515799880027771,1,-
01/20/2026,UTA,Kyle Filipowski,24.924718856811523,12.5,10.955403327941895,0.3166801929473877,0.49483299255371094,0,-
01/20/2026,UTA,Cody Williams,22.732559204101562,8.5,7.924118518829346,0.38046473264694214,0.4763232469558716,0,-
01/20/2026,UTA,Ace Bailey,26.868629455566406,13.5,12.882877349853516,0.06406258046627045,0.42882099747657776,0,-
01/20/2026,TOR,Scottie Barnes,32.64052200317383,20.5,23.144887924194336,-1.6740490198135376,0.39247268438339233,0,-
01/20/2026,TOR,Sandro Mamukelashvili,25.451866149902344,12.5,10.932909965515137,1.5965076684951782,0.5819732546806335,1,-
01/20/2026,TOR,Ochai Agbaji,20.615264892578125,6.5,7.513741493225098,-0.024749815464019775,0.44556230306625366,0,-
01/20/2026,TOR,Jamal Shead,29.000268936157227,8.5,10.574724197387695,0.04235810786485672,0.4602726399898529,0,-
01/20/2026,TOR,Brandon Ingram,31.19488525390625,23.5,23.027099609375,-0.38430657982826233,0.5029305815696716,1,-
01/20/2026,SAS,Harrison Barnes,24.577566146850586,8.5,8.141851425170898,0.13651368021965027,0.5146848559379578,1,-
01/20/2026,SAS,Dylan Harper,22.679391860961914,9.5,9.658323287963867,0.2677798867225647,0.4359889626502991,0,-
01/20/2026,SAC,Zach LaVine,29.695911407470703,19.5,19.136592864990234,0.592597484588623,0.5370564460754395,1,-
01/20/2026,SAC,Dennis Schroder,21.70848274230957,10.5,12.91960620880127,-0.25035715103149414,0.5444273948669434,1,-
01/20/2026,SAC,DeMar DeRozan,32.41472625732422,19.5,22.6430606842041,-0.14793761074543,0.4528947174549103,0,-
01/20/2026,PHO,Oso Ighodaro,21.138334274291992,5.5,6.343216419219971,-0.38309213519096375,0.5244777798652649,1,-
01/20/2026,PHO,Mark Williams,25.28460121154785,10.5,10.456690788269043,0.20407474040985107,0.4721948802471161,0,-
01/20/2026,PHO,Jalen Green,18.002561569213867,12.5,15.381747245788574,-1.0261996984481812,0.40689101815223694,0,-
01/20/2026,PHI,Kelly Oubre Jr.,28.425443649291992,13.5,12.007146835327148,0.1422405242919922,0.4630657732486725,0,-
01/20/2026,MIN,Rudy Gobert,29.313379287719727,11.5,10.40440559387207,0.11339118331670761,0.46077224612236023,0,-
01/20/2026,MIN,Naz Reid,21.900833129882812,14.5,17.711570739746094,-0.745715320110321,0.47326409816741943,0,-
01/20/2026,MIN,Jaden McDaniels,30.8294677734375,14.5,14.6174898147583,0.2647610902786255,0.48919588327407837,0,-
01/20/2026,MIA,Pelle Larsson,26.873144149780273,11.5,11.00319766998291,0.5641925930976868,0.49909093976020813,0,-
01/20/2026,MIA,Kel'el Ware,17.457481384277344,8.5,7.645402431488037,-0.29644590616226196,0.5137308239936829,1,-
01/20/2026,MIA,Davion Mitchell,25.3366756439209,8.5,8.491767883300781,0.234350323677063,0.5180953741073608,1,-
01/20/2026,MIA,Bam Adebayo,29.381439208984375,17.5,19.57041358947754,-0.3576148748397827,0.4611603021621704,0,-
01/20/2026,LAL,Rui Hachimura,20.97469139099121,8.5,8.203153610229492,0.3184871971607208,0.5486423373222351,1,-
01/20/2026,LAL,Jake LaRavia,28.73329734802246,9.5,10.783289909362793,0.15335699915885925,0.4864550232887268,0,-
01/20/2026,LAL,Deandre Ayton,27.968280792236328,13.5,14.135716438293457,-0.059421706944704056,0.5034816861152649,1,-
01/20/2026,LAC,Nicolas Batum,18.43214988708496,4.5,4.907073020935059,-0.6541844010353088,0.454056054353714,0,-
01/20/2026,LAC,John Collins,28.62385368347168,13.5,14.211737632751465,0.2418484091758728,0.4835478365421295,0,-
01/20/2026,LAC,Cam Christie,16.561481475830078,6.5,6.544575214385986,-0.33218976855278015,0.4111882150173187,0,-
01/20/2026,LAC,Brook Lopez,18.499801635742188,6.5,5.9422526359558105,-0.6050664782524109,0.5189504027366638,1,-
01/20/2026,HOU,Kevin Durant,32.94554138183594,24.5,25.90486717224121,0.026401452720165253,0.4703735411167145,0,-
01/20/2026,HOU,Josh Okogie,20.140165328979492,4.5,5.0158867835998535,-0.8653007745742798,0.4103679656982422,0,-
01/20/2026,HOU,Dorian Finney-Smith,17.9978084564209,3.5,4.5285162925720215,-1.0634604692459106,0.4366486072540283,0,-
01/20/2026,GSW,Stephen Curry,29.05491828918457,27.5,19.255233764648438,-1.4852039813995361,0.5065864324569702,1,-
01/20/2026,GSW,Moses Moody,25.103567123413086,12.5,11.108341217041016,0.5337455868721008,0.4642711877822876,0,-
01/20/2026,GSW,Draymond Green,25.365087509155273,9.5,8.997220993041992,0.8138249516487122,0.556955099105835,1,-
01/20/2026,GSW,De'Anthony Melton,20.686233520507812,12.5,12.301661491394043,1.3038586378097534,0.5956467986106873,1,-
01/20/2026,GSW,Buddy Hield,16.02046012878418,8.5,5.742160320281982,0.3300785720348358,0.4782126545906067,0,-
01/20/2026,GSW,Brandin Podziemski,23.797697067260742,12.5,10.812650680541992,1.257007360458374,0.4885428547859192,0,-
01/20/2026,DEN,Jamal Murray,31.87116050720215,26.5,32.011653900146484,-0.784415602684021,0.46648502349853516,0,-
01/20/2026,DEN,Jalen Pickett,24.96640396118164,9.5,8.834283828735352,0.08769213408231735,0.44670847058296204,0,-
01/20/2026,CHI,Tre Jones,26.90410804748535,10.5,10.855071067810059,0.12943249940872192,0.46838393807411194,0,-
01/20/2026,CHI,Nikola Vucevic,29.714887619018555,17.5,19.792922973632812,0.16668900847434998,0.4915417730808258,0,-
01/20/2026,CHI,Matas Buzelis,27.292015075683594,15.5,14.157279014587402,0.14415502548217773,0.501282274723053,1,-
01/20/2026,CHI,Kevin Huerter,21.93992042541504,10.5,9.24863052368164,-0.6387901306152344,0.5282129645347595,1,-
01/20/2026,CHI,Josh Giddey,24.36079978942871,13.5,14.21539306640625,-1.4145421981811523,0.37457457184791565,0,-
01/20/2026,CHI,Isaac Okoro,27.978294372558594,8.5,11.0315580368042,-0.33714964985847473,0.48078447580337524,0,-
01/20/2026,CHI,Ayo Dosunmu,23.52643394470215,12.5,11.989104270935059,1.7636065483093262,0.5525198578834534,1,-
