Date,Team,Player,Pos,Opp,MP,MP_L5_avg,PTS_line,PTS_proj
12/19/2025,MIN,Julius Randle,PF,OKC,35.83901,35.48798676,18.5,24.292177
12/19/2025,OKC,Shai Gilgeous-Alexander,PG,MIN,34.188263,31.11975746,31.5,26.09634
12/19/2025,CLE,De'Andre Hunter,SF,CHI,28.596825,28.77959328,17.5,12.2500305
12/19/2025,SAS,Victor Wembanyama,C,ATL,30.231075,33.75302429,17.5,22.457232
12/19/2025,ATL,Dyson Daniels,SG,SAS,35.808743,35.63866272,12.5,17.158253
12/19/2025,MIN,Jaden McDaniels,PF,OKC,34.823803,33.76760101,13.5,17.748793
12/19/2025,CLE,Jarrett Allen,C,CHI,28.489723,25.99057312,17.5,13.6747055
12/19/2025,OKC,Ajay Mitchell,SG,MIN,28.336933,25.24306908,8.5,12.287551
12/19/2025,PHI,VJ Edgecombe,SG,NYK,34.161415,31.67017212,14.5,18.268679
12/19/2025,CHI,Isaac Okoro,SG,CLE,25.442356,21.80212326,7.5,11.249685
12/19/2025,MIN,Naz Reid,C,OKC,31.339485,29.56091843,13.5,16.967598
12/19/2025,MIN,Anthony Edwards,SG,OKC,36.316177,37.21026688,24.5,27.84729
12/20/2025,NOP,Saddiq Bey,SF,IND,34.44412994,31.78448219,12.5,19.43858147
12/20/2025,POR,Jerami Grant,PF,SAC,35.87758255,32.85925102,20.5,26.20370483
12/20/2025,DET,Cade Cunningham,PG,CHO,35.81865311,35.01321945,28.5,23.16388321
12/20/2025,CHO,Miles Bridges,PF,DET,34.43421555,34.69173584,18.5,23.36639404
12/20/2025,MEM,Jaren Jackson Jr.,C,WAS,28.56352615,29.22793732,21.5,16.82005882
12/20/2025,DAL,Cooper Flagg,PG,PHI,36.70683289,33.79368973,19.5,24.1471386
12/20/2025,CHO,Kon Knueppel,SF,DET,36.16762543,34.31793213,17.5,21.84375191
12/20/2025,MEM,Cedric Coward,SG,WAS,27.54816437,28.73770599,16.5,12.22014904
12/20/2025,PHO,Devin Booker,SG,GSW,33.16043091,34.27707748,24.5,20.43163681
12/20/2025,DEN,Jamal Murray,PG,HOU,36.56822205,35.63761444,23.5,27.43478775
12/20/2025,IND,Andrew Nembhard,PG,NOP,35.37451172,32.74782639,17.5,21.37994766
12/20/2025,ORL,Paolo Banchero,PF,UTA,33.09885025,29.55110397,26.5,22.65222168
12/20/2025,WAS,CJ McCollum,SG,MEM,31.75603485,29.99811897,18.5,22.22584152
12/20/2025,HOU,Jabari Smith Jr.,PF,DEN,36.96799469,34.27828445,15.5,19.18519974
12/20/2025,SAC,Maxime Raynaud,C,POR,27.07788086,22.5758667,14.5,18.14228821
12/20/2025,PHI,VJ Edgecombe,SG,DAL,34.95502472,32.04068871,14.5,18.04159927
12/20/2025,PHO,Dillon Brooks,SF,GSW,32.19264603,31.09034729,18.5,22.03834534
12/20/2025,LAC,Kris Dunn,PG,LAL,30.13474655,27.19746132,7.5,10.99864388
12/20/2025,MEM,Santi Aldama,PF,WAS,29.56114197,27.42926788,16.5,13.01799583
12/20/2025,HOU,Alperen Sengun,C,DEN,33.93790054,30.99817009,22.5,25.96114731
12/20/2025,IND,Jay Huff,C,NOP,21.23812675,23.46769028,11.5,8.065601349
12/20/2025,CHO,Brandon Miller,SF,DET,33.10890198,29.10625687,19.5,22.91273308
12/20/2025,DEN,Bruce Brown,SG,HOU,30.9196434,27.12336617,7.5,10.83259869
12/20/2025,HOU,Amen Thompson,SF,DEN,38.10565186,36.32652359,17.5,20.79064941
12/21/2025,BRK,Egor Demin,PG,TOR,8.937081337,11.04234905,9.5,2.569652557
12/21/2025,ATL,Nickeil Alexander-Walker,SG,CHI,36.80641937,32.90723495,19.5,25.59503746
12/21/2025,WAS,CJ McCollum,SG,SAS,32.22496796,31.45460358,18.5,23.32708359
12/21/2025,WAS,Justin Champagnie,SF,SAS,22.531847,19.27458572,7.5,12.1884346
12/21/2025,ATL,Dyson Daniels,SG,CHI,34.87177658,33.94135284,12.5,16.67559624
12/21/2025,ATL,Trae Young,PG,CHI,25.662323,30.51767254,17.5,13.38892937
12/21/2025,SAC,Keegan Murray,PF,HOU,36.10601807,34.90744362,15.5,19.48311234
12/21/2025,SAS,Stephon Castle,PG,WAS,26.1869278,29.07021141,18.5,14.74876404
12/21/2025,SAS,De'Aaron Fox,PG,WAS,27.90585327,31.66054993,19.5,15.9813633
12/21/2025,TOR,Jakob Poeltl,C,BRK,22.44219971,27.16450691,9.5,6.090191841
12/21/2025,WAS,Kyshawn George,SF,SAS,32.17391968,32.15039558,14.5,17.88360977
12/21/2025,SAC,Dennis Schroder,PG,HOU,28.59937668,24.9525116,12.5,15.83946991
12/21/2025,SAS,Dylan Harper,SG,WAS,20.77188683,21.56714516,14.5,11.17876911
12/21/2025,HOU,Alperen Sengun,C,SAC,32.53191376,31.76730499,23.5,20.22889709
12/22/2025,OKC,Shai Gilgeous-Alexander,PG,MEM,33.35548401,31.66329498,32.5,24.42019653
12/22/2025,UTA,Keyonte George,PG,DEN,34.58210754,33.34674988,22.5,29.30025864
12/22/2025,CHO,Brandon Miller,SF,CLE,34.22783661,30.67008553,19.5,25.90421295
12/22/2025,NOP,Saddiq Bey,SF,DAL,31.40155411,32.085326,12.5,18.65423965
12/22/2025,CHO,Miles Bridges,PF,CLE,34.97149658,34.48331375,18.5,24.30780983
12/22/2025,DAL,Cooper Flagg,PG,NOP,36.72595215,34.85695419,21.5,27.10702515
12/22/2025,CHO,Kon Knueppel,SF,CLE,37.22386932,34.73283997,18.5,23.54444122
12/22/2025,ORL,Anthony Black,PG,GSW,36.26262665,32.94632568,16.5,21.26834488
12/22/2025,NOP,Jordan Poole,PG,DAL,31.18721962,28.57712975,15.5,19.77619934
12/22/2025,POR,Shaedon Sharpe,SG,DET,32.00205994,30.74368134,26.5,22.31817245
12/22/2025,BOS,Jaylen Brown,SF,IND,35.6639328,35.37498627,29.5,25.44139481
12/22/2025,IND,Andrew Nembhard,PG,BOS,33.27946472,32.34594345,15.5,19.50566483
12/22/2025,MEM,Kentavious Caldwell-Pope,SG,OKC,22.78688812,20.87687988,7.5,11.32895279
12/22/2025,NOP,Trey Murphy III,SF,DAL,35.93183136,32.9785862,18.5,22.18848801
12/22/2025,OKC,Jalen Williams,SG,MEM,29.00381851,27.95074272,20.5,17.15570068
12/22/2025,OKC,Ajay Mitchell,SG,MEM,23.94953156,25.63759651,13.5,10.24821186
12/23/2025,ATL,Nickeil Alexander-Walker,SG,CHI,37.16184616,32.74596634,19.5,27.02286148
12/23/2025,DAL,Cooper Flagg,PG,DEN,36.64916229,35.80582962,20.5,26.92499924
12/23/2025,NYK,Tyler Kolek,PG,MIN,17.58295441,12.83824806,13.5,7.091790199
12/23/2025,NYK,Karl-Anthony Towns,C,MIN,33.02909088,33.69176331,26.5,20.1271286
12/23/2025,BRK,Egor Demin,PG,PHI,10.02081776,11.4210453,9.5,3.399494648
12/23/2025,NOP,Saddiq Bey,SF,CLE,33.42896271,31.56079979,16.5,22.55712509
12/23/2025,SAC,Maxime Raynaud,C,DET,29.41248512,25.81766586,13.5,19.53752518
12/23/2025,NYK,Jordan Clarkson,SG,MIN,20.98539734,21.52280693,15.5,9.618281364
12/23/2025,WAS,CJ McCollum,SG,CHO,34.20923996,32.19267273,17.5,23.23186302
12/23/2025,LAC,Brook Lopez,C,HOU,7.862856865,7.128297806,8.5,2.917812347
12/23/2025,ATL,Trae Young,PG,CHI,26.14889908,30.2679801,21.5,16.51180077
12/23/2025,PHI,Joel Embiid,C,BRK,28.80564499,28.11278572,24.5,19.6003418
12/23/2025,LAC,James Harden,PG,HOU,36.87197876,34.24316483,22.5,27.08646393
12/23/2025,SAS,Luke Kornet,C,OKC,26.65010643,26.03802757,5.5,10.02297878
12/23/2025,OKC,Shai Gilgeous-Alexander,PG,SAS,34.89661407,32.13943291,31.5,27.00297546
12/23/2025,POR,Shaedon Sharpe,SG,ORL,32.8434906,31.54083633,26.5,22.0032692
12/23/2025,PHO,Devin Booker,SG,LAL,33.74388504,33.35809402,26.5,22.04007339
12/23/2025,SAS,Victor Wembanyama,C,OKC,28.46658707,30.84405441,17.5,21.94108963
12/23/2025,HOU,Jabari Smith Jr.,PF,LAC,37.26009369,35.68278122,13.5,17.60946274
12/23/2025,CHI,Nikola Vucevic,C,ATL,30.65634346,28.44255333,15.5,19.58324051
12/23/2025,DET,Cade Cunningham,PG,SAC,35.32192993,34.25382271,26.5,22.43610001
12/23/2025,SAS,Devin Vassell,SG,OKC,30.60671616,29.41100922,13.5,17.49917984
12/23/2025,SAC,Dennis Schroder,PG,DET,29.91877174,25.84185562,13.5,17.29404831
12/23/2025,DET,Jalen Duren,C,SAC,26.91723061,28.72292175,18.5,14.78350449
12/23/2025,CHO,Kon Knueppel,SF,WAS,36.84244537,35.68795166,18.5,22.16556168
12/23/2025,NOP,Derik Queen,C,CLE,32.44210052,29.52952652,14.5,18.07656479
12/23/2025,WAS,Kyshawn George,SF,CHO,34.6115799,32.53109436,14.5,17.9677906
12/23/2025,SAC,Russell Westbrook,PG,DET,31.46858597,31.39810944,14.5,17.8918705
12/23/2025,ATL,Jalen Johnson,SF,CHI,36.91931915,32.86372414,25.5,28.87584305
12/23/2025,MIN,Anthony Edwards,SG,NYK,36.9119873,37.01610794,28.5,25.12656784
12/23/2025,CHI,Josh Giddey,PG,ATL,34.63877869,33.44451065,18.5,21.83893585
12/23/2025,SAS,Stephon Castle,PG,OKC,30.50783539,28.65357704,16.5,19.82215118
12/23/2025,MEM,Jaylen Wells,SG,UTA,32.5118866,29.68453751,14.5,17.81135178
12/25/2025,DEN,Nikola Jokic,C,MIN,32.7940979,33.70932961,30.5,25.03634644
12/25/2025,LAL,Marcus Smart,SG,HOU,27.0594635,26.65917397,6.5,11.27373695
12/25/2025,MIN,Anthony Edwards,SG,DEN,33.25577545,37.25371246,29.5,24.86919975
12/25/2025,DEN,Jamal Murray,PG,MIN,30.14817429,33.06038666,25.5,21.6993103
12/26/2025,ATL,Trae Young,PG,MIA,27.2250843,30.10202484,22.5,15.29086208
12/26/2025,NOP,Saddiq Bey,SF,PHO,32.13439941,31.31086655,14.5,21.6258049
12/26/2025,ATL,Dyson Daniels,SG,MIA,35.82836151,34.12076416,11.5,18.40209007
12/26/2025,NOP,Trey Murphy III,SF,PHO,35.22666168,32.46989822,18.5,25.13709641
12/26/2025,ATL,Nickeil Alexander-Walker,SG,MIA,33.00537872,33.42210999,17.5,23.96988678
12/26/2025,MIL,Bobby Portis,PF,MEM,19.06067467,23.25622749,16.5,10.26505375
12/26/2025,UTA,Jusuf Nurkic,C,DET,26.88181305,23.16670341,9.5,15.43072414
12/26/2025,UTA,Keyonte George,PG,DET,33.72791672,34.83720093,22.5,28.06511307
12/26/2025,TOR,Sandro Mamukelashvili,C,WAS,16.80534744,21.84688644,13.5,8.100745201
12/26/2025,NOP,Jordan Poole,PG,PHO,29.44203949,27.85055199,14.5,19.79340363
12/26/2025,UTA,Lauri Markkanen,PF,DET,36.00269318,31.44850235,25.5,30.61398315
12/26/2025,ORL,Paolo Banchero,PF,CHO,31.56906891,31.8306076,25.5,20.40325546
12/26/2025,WAS,Tre Johnson,SG,TOR,13.43685627,19.70647697,10.5,5.624022007
12/26/2025,WAS,Kyshawn George,SF,TOR,33.56654358,31.40255356,13.5,18.22591019
12/26/2025,PHI,VJ Edgecombe,SG,CHI,33.72323608,33.32799759,14.5,19.21522522
12/26/2025,WAS,Khris Middleton,SF,TOR,26.89677429,26.01128006,8.5,13.13291073
12/26/2025,DET,Cade Cunningham,PG,UTA,33.52257538,35.39897537,27.5,22.95021057
12/26/2025,PHO,Devin Booker,SG,NOP,32.24526978,32.1683712,27.5,23.1751442
12/26/2025,LAC,Brook Lopez,C,POR,13.85026455,9.703181076,9.5,5.399824142
12/26/2025,CHO,Kon Knueppel,SF,ORL,34.57246017,34.99290237,16.5,20.52103806
12/26/2025,NOP,Derik Queen,C,PHO,32.5815506,29.65259438,14.5,18.48503113
12/26/2025,ORL,Desmond Bane,SG,CHO,32.81518555,34.978228,21.5,17.6617012
12/26/2025,CHI,Tre Jones,PG,PHI,27.31452179,25.25434647,8.5,12.30892181
12/27/2025,UTA,Brice Sensabaugh,SF,SAS,8.548365593,16.54221096,13.5,3.685454369
12/27/2025,MIL,Bobby Portis,PF,CHI,29.48966217,22.33348007,11.5,19.82870293
12/27/2025,UTA,Kevin Love,PF,SAS,7.649476051,15.25613918,10.5,3.364238739
12/27/2025,MIL,Kevin Porter Jr.,PG,CHI,35.74039078,31.55812988,18.5,25.30151939
12/27/2025,ATL,Dyson Daniels,SG,NYK,35.35163498,33.54645424,11.5,17.85573959
12/27/2025,UTA,Isaiah Collier,PG,SAS,25.0516777,19.24679718,9.5,15.48136044
12/27/2025,NOP,Saddiq Bey,SF,PHO,33.43067932,31.83623695,14.5,20.39228821
12/27/2025,BRK,Egor Demin,PG,MIN,9.471194267,11.77761478,9.5,3.894151211
12/27/2025,ATL,Nickeil Alexander-Walker,SG,NYK,33.66017914,33.0152565,18.5,23.86420441
12/27/2025,SAC,Nique Clifford,SG,DAL,12.42646599,18.04742928,9.5,4.397148132
12/27/2025,HOU,Amen Thompson,SF,CLE,38.02282333,37.32101631,17.5,22.59884644
12/27/2025,NYK,Karl-Anthony Towns,C,ATL,29.84042358,33.43046341,22.5,17.6464653
12/27/2025,DAL,P.J. Washington,PF,SAC,25.97990227,32.82398453,15.5,11.04003239
12/27/2025,SAC,DeMar DeRozan,PF,DAL,31.77085876,35.38972855,22.5,18.16102409
12/27/2025,DAL,Max Christie,SG,SAC,24.45609856,28.94926567,10.5,6.356447697
12/27/2025,ATL,Trae Young,PG,NYK,28.95255661,28.2940918,22.5,18.35783386
12/27/2025,NOP,Trey Murphy III,SF,PHO,36.11925507,33.55133858,18.5,22.61141205
12/27/2025,BRK,Michael Porter Jr.,SF,MIN,28.45818329,32.37851601,23.5,19.43317413
12/27/2025,ORL,Anthony Black,PG,DEN,35.76174927,34.15352554,17.5,21.38981628
12/27/2025,HOU,Jabari Smith Jr.,PF,CLE,36.71298218,37.19504089,15.5,19.36739349
12/27/2025,HOU,Alperen Sengun,C,CLE,35.49831772,36.36785889,21.5,25.30052185
12/28/2025,LAL,Luka Doncic,PG,SAC,35.54959106,35.77534943,35.5,27.72681808
12/28/2025,SAC,Keon Ellis,SG,LAL,9.802944183,15.12883453,9.5,2.905765533
12/28/2025,SAC,Precious Achiuwa,C,LAL,10.73648071,18.52125549,8.5,4.277499676
12/29/2025,HOU,Kevin Durant,SF,IND,30.29024696,36.32969971,27.5,18.05474663
12/29/2025,MIL,Giannis Antetokounmpo,PF,CHO,27.19892502,30.22403755,26.5,17.08250237
12/29/2025,OKC,Shai Gilgeous-Alexander,PG,ATL,29.27433777,33.13686676,30.5,21.13868332
12/29/2025,NYK,Karl-Anthony Towns,C,NOP,27.38858414,32.55647392,24.5,15.53628349
12/29/2025,SAS,Victor Wembanyama,C,CLE,23.77062035,26.53278351,22.5,14.05009174
12/29/2025,PHO,Devin Booker,SG,WAS,30.46653748,32.10615234,27.5,20.1571064
12/29/2025,MIN,Anthony Edwards,SG,CHI,30.78923035,37.18387909,30.5,23.25893402
12/29/2025,ATL,Zaccharie Risacher,SF,OKC,13.95268631,21.11260033,12.5,5.2999506
12/29/2025,ATL,Asa Newell,PF,OKC,5.555942535,9.01177597,9.5,2.383917809
12/29/2025,IND,Aaron Nesmith,SF,HOU,26.07625198,29.37629662,8.5,15.38103104
12/29/2025,HOU,Tari Eason,PF,IND,13.38562775,17.95839119,12.5,5.772919178
12/29/2025,CLE,Darius Garland,PG,SAS,32.43399811,32.73913879,17.5,23.56899643
12/29/2025,DAL,Daniel Gafford,C,POR,13.9564209,19.2299778,9.5,4.240768909
12/29/2025,NYK,OG Anunoby,PF,NOP,26.09038734,33.12624741,17.5,12.48894596
12/29/2025,SAS,Luke Kornet,C,CLE,26.99181747,24.42440948,6.5,11.44020081
12/29/2025,OKC,Jalen Williams,SG,ATL,26.03813934,28.97966309,18.5,13.88449955
12/29/2025,PHO,Dillon Brooks,SF,WAS,28.82072639,30.93343239,21.5,16.8958168
12/29/2025,PHO,Jordan Goodwin,PG,WAS,15.50482178,20.15854263,10.5,6.002640724
12/29/2025,NOP,Zion Williamson,PF,NYK,25.97534943,27.60626678,21.5,17.04517555
12/29/2025,PHO,Nick Richards,C,WAS,7.485725403,10.44435158,6.5,2.165180206
12/29/2025,NOP,Jeremiah Fears,PG,NYK,21.73984718,25.58055687,14.5,10.24827766
12/29/2025,BRK,Noah Clowney,PF,GSW,31.0372467,28.74248619,12.5,16.73240662
12/29/2025,ORL,Desmond Bane,SG,TOR,31.5261116,34.90967789,21.5,17.46870995
12/29/2025,MIL,Kyle Kuzma,PF,CHO,27.04706001,27.80321236,10.5,14.44842052
12/29/2025,OKC,Chet Holmgren,PF,ATL,24.99912262,27.52820663,17.5,13.70631313
12/30/2025,UTA,Brice Sensabaugh,SF,BOS,11.41098499,15.26408081,14.5,6.494827747
12/30/2025,SAC,Maxime Raynaud,C,LAC,30.81565475,25.56080246,13.5,21.39426804
12/30/2025,BOS,Payton Pritchard,PG,UTA,34.91103745,31.84537354,17.5,22.52609825
12/30/2025,SAC,Nique Clifford,SG,LAC,22.59702301,17.4502203,6.5,10.90992546
12/30/2025,MEM,Jaylen Wells,SG,PHI,32.00597382,29.41923065,12.5,16.63284492
12/30/2025,UTA,Svi Mykhailiuk,SF,BOS,11.07663822,18.64276085,7.5,3.458252907
12/30/2025,UTA,Isaiah Collier,PG,BOS,13.5396719,20.9146656,9.5,5.466671467
12/30/2025,BOS,Luka Garza,C,UTA,7.595089912,9.812866974,7.5,3.504754066
12/30/2025,LAL,Luka Doncic,PG,DET,34.90681458,35.09266663,34.5,30.56518173
12/30/2025,LAC,John Collins,PF,SAC,24.02296448,27.16542053,13.5,9.678839684
12/31/2025,MIL,Giannis Antetokounmpo,PF,WAS,26.52029037,28.28579254,27.5,16.49257851
12/31/2025,DEN,Jonas Valanciunas,C,TOR,15.30204678,13.75266075,16.5,6.443746567
12/31/2025,NYK,OG Anunoby,PF,SAS,34.92834091,32.07500839,17.5,25.35204697
12/31/2025,SAS,Luke Kornet,C,NYK,22.2340126,18.83419609,5.5,10.9246645
12/31/2025,SAS,Stephon Castle,PG,NYK,30.18280792,27.38860741,17.5,22.71857452
12/31/2025,WAS,CJ McCollum,SG,MIL,34.69844818,30.90554314,17.5,22.71037674
12/31/2025,MIL,Kyle Kuzma,PF,WAS,29.59207153,27.36411552,10.5,15.69840813
12/31/2025,CHI,Kevin Huerter,SF,NOP,21.1667614,18.65444336,16.5,11.43850422
12/31/2025,NYK,Jalen Brunson,PG,SAS,36.0522995,36.48305511,28.5,33.55270004
12/31/2025,POR,Deni Avdija,SF,OKC,31.9019165,36.24344864,23.5,18.50680542
12/31/2025,NOP,Saddiq Bey,SF,CHI,31.92392349,30.69901123,16.5,21.22055817
12/31/2025,POR,Shaedon Sharpe,SG,OKC,27.51979065,31.83529434,20.5,15.83369255
12/31/2025,MIL,Kevin Porter Jr.,PG,WAS,36.28120041,32.68078041,18.5,23.09573555
12/31/2025,DEN,Julian Strawther,SG,TOR,8.967857361,7.644261169,7.5,2.935195923
12/31/2025,OKC,Shai Gilgeous-Alexander,PG,POR,29.33955765,32.18830795,31.5,27.18320084
12/31/2025,MIL,Myles Turner,C,WAS,29.28400421,27.74883156,11.5,15.73117447
12/31/2025,POR,Toumani Camara,PF,OKC,26.50516319,32.63344193,12.5,8.357588768
12/31/2025,WAS,Justin Champagnie,SF,MIL,22.73240852,17.91239548,7.5,11.36356354
12/31/2025,NOP,Zion Williamson,PF,CHI,28.29226112,27.03489418,23.5,19.68807983
01/01/2026,UTA,Kyle Filipowski,C,LAC,18.79605103,19.81699409,17.5,8.890247345
01/01/2026,UTA,Svi Mykhailiuk,SF,LAC,10.24418068,17.76193256,10.5,3.591659546
01/01/2026,BOS,Jaylen Brown,SF,SAC,34.70056915,35.29458847,30.5,24.53507805
01/01/2026,DET,Marcus Sasser,PG,MIA,4.085834503,5.157729149,7.5,1.731349945
01/01/2026,UTA,Taylor Hendricks,PF,LAC,10.26557255,11.38532829,10.5,4.75619173
01/01/2026,SAC,Nique Clifford,SG,BOS,25.73389435,17.7462616,8.5,13.96507072
01/01/2026,PHI,VJ Edgecombe,SG,DAL,35.01696014,34.87917633,14.5,19.94002914
01/01/2026,DAL,Cooper Flagg,PG,PHI,35.67421722,35.82528381,19.5,24.57825851
01/01/2026,DET,Jalen Duren,C,MIA,28.41392517,28.02923126,18.5,13.68733788
01/01/2026,MIA,Jaime Jaquez Jr.,SF,DET,30.71026611,28.24266319,14.5,19.14097214
01/01/2026,SAC,Maxime Raynaud,C,BOS,30.22756195,26.27392235,13.5,18.13586044
01/01/2026,MIA,Davion Mitchell,PG,DET,29.89068222,24.80047188,8.5,13.01140594
01/01/2026,PHI,Paul George,PF,DAL,33.57354736,31.20276299,15.5,19.99695587
01/01/2026,SAC,Malik Monk,SG,BOS,20.98260117,24.76833267,6.5,10.95999908
01/01/2026,LAC,James Harden,PG,UTA,35.15032196,32.50750961,26.5,22.29013443
01/01/2026,MIA,Nikola Jovic,PF,DET,8.3802948,11.56359081,8.5,4.31333065
01/01/2026,DAL,Anthony Davis,PF,PHI,29.04130745,32.16563606,22.5,18.36973763
01/01/2026,BRK,Drake Powell,SG,HOU,14.50702286,18.14985199,8.5,4.453227043
01/01/2026,UTA,Brice Sensabaugh,SF,LAC,26.62327576,15.3408617,19.5,15.49178886
01/01/2026,BOS,Derrick White,SG,SAC,34.65481567,33.60394974,18.5,21.86776352
01/01/2026,DAL,Naji Marshall,SF,PHI,31.83249474,32.54044609,12.5,15.86690617
01/01/2026,PHI,Tyrese Maxey,PG,DAL,37.82626343,37.48016129,26.5,29.64582062
01/01/2026,LAC,John Collins,PF,UTA,24.88900566,25.72588654,13.5,10.35963535
01/01/2026,SAC,Dennis Schroder,PG,BOS,27.83036423,27.13388176,11.5,14.47768021
01/01/2026,SAC,Keegan Murray,PF,BOS,35.46343994,36.43552437,15.5,18.4015007
01/01/2026,DET,Cade Cunningham,PG,MIA,34.21986389,33.66317673,26.5,23.64114761
01/01/2026,BRK,Danny Wolf,PF,HOU,20.73768234,18.89509773,11.5,8.681947708
01/01/2026,LAC,Kawhi Leonard,SF,UTA,35.57648087,32.02907562,29.5,26.69010925
01/01/2026,DET,Jaden Ivey,SG,MIA,17.78528214,16.62781715,10.5,7.899919033
01/01/2026,PHI,Joel Embiid,C,DAL,33.41772079,30.21060829,25.5,27.92416382
01/01/2026,UTA,Isaiah Collier,PG,LAC,24.34570694,21.20636177,14.5,12.25254536
01/01/2026,DET,Javonte Green,SG,MIA,21.48140144,12.66147404,7.5,9.509877205
01/01/2026,BOS,Luka Garza,C,SAC,14.47289467,9.054584122,7.5,5.560289383
01/01/2026,HOU,Amen Thompson,SF,BRK,36.03551483,34.46814117,16.5,18.43228912
01/01/2026,SAC,DeMar DeRozan,PF,BOS,33.40910721,32.6347908,18.5,20.29530334
01/01/2026,MIA,Dru Smith,SG,DET,18.87033272,15.98279495,6.5,8.24962616
01/01/2026,HOU,Kevin Durant,SF,BRK,35.29526901,34.66183014,23.5,21.80944824
01/01/2026,DAL,P.J. Washington,PF,PHI,32.00928497,32.39648476,13.5,15.14969826
01/01/2026,DAL,Klay Thompson,SF,PHI,20.52767563,21.1210598,9.5,11.12184048
01/01/2026,BOS,Anfernee Simons,SG,SAC,27.05411339,26.01227989,12.5,14.07038975
01/01/2026,LAC,Nicolas Batum,PF,UTA,22.86062622,20.80375252,5.5,7.068395615
01/01/2026,HOU,Jabari Smith Jr.,PF,BRK,34.61355591,34.53997498,14.5,15.92182732
01/01/2026,LAC,Derrick Jones Jr.,SF,UTA,19.76258278,9.200102806,8.5,9.874858856
01/01/2026,HOU,Alperen Sengun,C,BRK,33.30854034,36.27086334,19.5,20.8496666
01/01/2026,DET,Ausar Thompson,SF,MIA,23.84370422,25.06708946,11.5,10.3337431
01/01/2026,PHI,Quentin Grimes,SG,DAL,32.21005249,34.15200424,9.5,10.63008785
01/01/2026,LAC,Brook Lopez,C,UTA,22.4327507,14.85839176,11.5,12.60330772
01/01/2026,SAC,Russell Westbrook,PG,BOS,28.38444138,30.44486809,14.5,15.59282303
01/01/2026,DET,Isaiah Stewart,C,MIA,21.56542969,22.23852654,10.5,9.435635567
01/01/2026,PHI,Jared McCain,SG,DAL,17.36116791,18.8491703,6.5,7.552008629
01/01/2026,LAC,Kris Dunn,PG,UTA,26.76599884,27.67383804,8.5,7.465180874
01/01/2026,MIA,Andrew Wiggins,SF,DET,31.77869606,29.66503906,14.5,15.53014374
01/01/2026,BOS,Hugo Gonzalez,SF,SAC,14.36882782,11.75137482,5.5,4.510680199
01/01/2026,HOU,Reed Sheppard,PG,BRK,26.03839493,27.32301903,11.5,10.54207134
01/01/2026,MIA,Norman Powell,SG,DET,31.89331818,30.28394585,23.5,22.61014748
01/01/2026,BOS,Neemias Queta,C,SAC,27.46437836,26.87326584,10.5,9.68853569
01/01/2026,HOU,Tari Eason,PF,BRK,23.11183548,17.45059319,12.5,11.82307339
01/01/2026,DET,Duncan Robinson,SF,MIA,27.29705048,26.81203537,10.5,9.879903793
01/01/2026,BOS,Sam Hauser,PF,SAC,18.57315636,19.3487442,6.5,7.028386116
01/01/2026,MIA,Kel'el Ware,C,DET,27.70157433,27.30974541,12.5,13.00118065
01/01/2026,BRK,Noah Clowney,PF,HOU,28.18392181,28.69681358,14.5,14.99310875
01/01/2026,BOS,Payton Pritchard,PG,SAC,33.78784943,32.46264801,17.5,17.9928112
01/01/2026,SAC,Precious Achiuwa,C,BOS,17.02878189,16.44217949,6.5,6.925265789
01/01/2026,SAC,Keon Ellis,SG,BOS,14.34908104,14.07785759,4.5,4.876122475
01/01/2026,MIA,Bam Adebayo,C,DET,28.46705818,31.79261131,16.5,16.61224365
01/01/2026,BOS,Jordan Walsh,PF,SAC,16.96277809,21.29549255,5.5,5.527490139
01/02/2026,MIL,Giannis Antetokounmpo,PF,CHO,28.2318325,28.06429787,28.5,18.37179947
01/02/2026,NOP,Zion Williamson,PF,POR,30.11492538,27.68393936,26.5,18.20069695
01/02/2026,PHO,Devin Booker,SG,SAC,31.89649963,31.92712135,25.5,17.90032959
01/02/2026,ATL,Onyeka Okongwu,C,NYK,33.96811295,33.62659302,14.5,21.69128036
01/02/2026,SAC,Keon Ellis,SG,PHO,22.68106842,17.44101849,5.5,12.02313709
01/02/2026,CLE,Donovan Mitchell,SG,DEN,32.34907532,32.13032722,28.5,22.24239349
01/02/2026,ATL,Dyson Daniels,SG,NYK,34.76948929,33.97372017,11.5,17.54016304
01/02/2026,ORL,Anthony Black,PG,CHI,33.81736755,34.30590515,17.5,23.5243721
01/02/2026,ATL,Jalen Johnson,SF,NYK,35.6182785,35.46573792,23.5,29.05462456
01/02/2026,OKC,Shai Gilgeous-Alexander,PG,GSW,32.22764969,31.50381432,30.5,25.27722359
01/02/2026,BRK,Noah Clowney,PF,WAS,30.41489792,29.65992317,19.5,14.60397434
01/02/2026,CHO,Miles Bridges,PF,MIL,29.30745316,32.00763092,16.5,11.65250111
01/02/2026,SAC,Russell Westbrook,PG,PHO,29.59458351,30.25479851,13.5,18.06729889
01/02/2026,SAS,Dylan Harper,SG,IND,19.69508171,21.16699104,13.5,8.937459946
01/02/2026,BRK,Day'Ron Sharpe,C,WAS,18.32372475,16.45749931,12.5,7.95304966
01/02/2026,BRK,Ziaire Williams,SF,WAS,20.90596962,16.43890953,12.5,8.050132751
01/02/2026,ATL,Nickeil Alexander-Walker,SG,NYK,33.06145096,31.94573746,19.5,23.94490814
01/02/2026,SAS,De'Aaron Fox,PG,IND,33.06348038,30.34402161,24.5,20.47074318
01/02/2026,POR,Deni Avdija,SF,NOP,36.70236206,35.58412743,29.5,25.53448868
01/02/2026,MEM,Santi Aldama,PF,LAL,33.67935944,31.45596199,13.5,17.44420815
01/02/2026,NOP,Jose Alvarado,PG,POR,19.16991615,22.76554909,9.5,5.621349335
01/02/2026,OKC,Chet Holmgren,PF,GSW,28.56183243,27.02574425,17.5,13.69353485
01/02/2026,GSW,Moses Moody,SG,OKC,20.84446144,23.59071922,12.5,8.694186211
01/02/2026,GSW,Will Richard,SG,OKC,19.10653114,16.17344952,10.5,6.902077675
01/02/2026,CHI,Ayo Dosunmu,SG,ORL,26.25274277,24.32456741,14.5,10.98541546
01/02/2026,BRK,Danny Wolf,PF,WAS,23.31944275,20.7682415,13.5,10.04201603
01/02/2026,NOP,Jordan Poole,PG,POR,26.37606621,27.83543472,19.5,16.1641674
01/02/2026,LAL,Marcus Smart,SG,MEM,28.0528717,25.73380508,9.5,12.80766392
01/02/2026,ORL,Wendell Carter Jr.,C,CHI,31.96339417,31.27038078,12.5,15.77939415
01/02/2026,CHI,Tre Jones,PG,ORL,25.96131134,25.27819099,13.5,10.30478859
01/02/2026,IND,Andrew Nembhard,PG,SAS,32.27074814,31.50282936,16.5,19.60558701
01/02/2026,MIL,Myles Turner,C,CHO,29.49138069,27.90957565,12.5,15.57628441
01/02/2026,IND,Bennedict Mathurin,SF,SAS,33.79574966,31.29998207,18.5,15.4298687
01/02/2026,MEM,Jaren Jackson Jr.,C,LAL,32.72425461,31.09955635,19.5,22.55819702
01/02/2026,MEM,Jaylen Wells,SG,LAL,30.82242966,30.98390274,12.5,15.51246071
01/02/2026,ORL,Jalen Suggs,PG,CHI,29.58927727,28.49796829,15.5,18.41840553
01/02/2026,MIL,Kevin Porter Jr.,PG,CHO,37.14689636,34.43596725,18.5,21.41395187
01/02/2026,WAS,Tre Johnson,SG,BRK,24.61685944,21.27288361,14.5,11.65833187
01/02/2026,CHO,Brandon Miller,SF,MIL,34.92806625,32.22154503,19.5,22.29379272
01/02/2026,PHO,Jordan Goodwin,PG,SAC,22.8786869,22.27337074,8.5,11.28199291
01/02/2026,GSW,Quinten Post,PF,OKC,16.22666168,20.65937614,9.5,6.733285904
01/02/2026,SAC,Dennis Schroder,PG,PHO,27.19702148,26.36028671,11.5,14.18681526
01/02/2026,SAC,Maxime Raynaud,C,PHO,31.43214989,27.41685677,13.5,16.1795311
01/02/2026,CHI,Kevin Huerter,SF,ORL,23.23459816,21.44428062,13.5,10.83080101
01/02/2026,MIL,Ryan Rollins,PG,CHO,31.78591156,28.38351059,14.5,17.16530991
01/02/2026,CLE,Jaylon Tyson,SG,DEN,27.85371208,27.78421974,11.5,14.13641739
01/02/2026,MIL,Kyle Kuzma,PF,CHO,27.32257652,29.23935242,9.5,12.11755848
01/02/2026,DEN,Julian Strawther,SG,CLE,11.26381207,11.13415108,6.5,3.925112724
01/02/2026,ORL,Paolo Banchero,PF,CHI,35.44036865,33.51933632,23.5,26.03969574
01/02/2026,PHO,Mark Williams,C,SAC,23.27843094,23.84532661,13.5,10.98312187
01/02/2026,NYK,Tyler Kolek,PG,ATL,17.65181923,21.2855938,5.5,7.995240211
01/02/2026,NYK,Miles McBride,SG,ATL,28.12644196,28.21717949,11.5,13.9519558
01/02/2026,MEM,Cam Spencer,SG,LAL,24.69971657,27.79667854,9.5,11.94133759
01/02/2026,POR,Robert Williams,C,NOP,14.65874672,12.87623005,7.5,5.060314655
01/02/2026,SAC,Precious Achiuwa,C,PHO,19.9986763,19.35486679,6.5,8.908054352
01/02/2026,CHI,Matas Buzelis,PF,ORL,26.40136909,26.7330761,14.5,12.122962
01/02/2026,WAS,CJ McCollum,SG,BRK,33.36224747,32.04927673,18.5,16.23873901
01/02/2026,GSW,Brandin Podziemski,SG,OKC,26.52007675,29.03803558,13.5,11.25806332
01/02/2026,DEN,Jamal Murray,PG,CLE,35.42969513,35.83499146,26.5,28.68977165
01/02/2026,CHO,Collin Sexton,SG,MIL,24.05501366,19.045718,11.5,13.67062855
01/02/2026,CLE,Evan Mobley,PF,DEN,28.8358078,30.99387207,16.5,14.40373516
01/02/2026,LAL,Jake LaRavia,PF,MEM,29.32665253,25.44083824,10.5,12.56853867
01/02/2026,POR,Toumani Camara,PF,NOP,33.48459244,31.98786469,15.5,13.44198322
01/02/2026,ATL,Kristaps Porzingis,C,NYK,23.70965195,24.36363258,13.5,15.49547005
01/02/2026,WAS,Justin Champagnie,SF,BRK,26.31694412,21.71076622,8.5,10.44216824
01/02/2026,NYK,Jordan Clarkson,SG,ATL,22.67250443,22.47229042,10.5,12.44044304
01/02/2026,SAS,Keldon Johnson,SF,IND,21.97893524,19.52993355,14.5,12.59840202
01/02/2026,SAS,Harrison Barnes,PF,IND,27.02853775,26.20413361,12.5,10.61438656
01/02/2026,DEN,Peyton Watson,SF,CLE,29.3942337,28.97666473,14.5,16.3556633
01/02/2026,WAS,Bilal Coulibaly,SG,BRK,28.45103073,26.68969917,10.5,12.33773041
01/02/2026,NYK,Mikal Bridges,SF,ATL,36.31387329,36.00193253,15.5,13.6994648
01/02/2026,OKC,Isaiah Joe,SG,GSW,15.09271431,15.65990829,6.5,4.730385303
01/02/2026,CHO,Kon Knueppel,SF,MIL,31.64675522,32.80830421,17.5,15.73918915
01/02/2026,SAS,Julian Champagnie,SF,IND,29.96959686,24.79433861,11.5,13.24530506
01/02/2026,SAS,Stephon Castle,PG,IND,32.11923981,29.9957756,20.5,18.82112503
01/02/2026,NOP,Jeremiah Fears,PG,POR,27.13537216,26.59192162,15.5,13.88426018
01/02/2026,NYK,Jalen Brunson,PG,ATL,36.01707077,36.74135818,29.5,31.10738945
01/02/2026,CHI,Patrick Williams,PF,ORL,16.40725327,12.47362576,7.5,5.905797005
01/02/2026,ATL,Vit Krejci,PG,NYK,24.46353531,22.03876228,9.5,11.06703091
01/02/2026,CHI,Jalen Smith,C,ORL,22.0769577,17.1532444,11.5,9.944106102
01/02/2026,MEM,Ja Morant,PG,LAL,30.60985947,26.89692116,21.5,22.98929977
01/02/2026,IND,Aaron Nesmith,SF,SAS,26.76292038,23.84623528,13.5,12.01867008
01/02/2026,LAL,Luka Doncic,PG,MEM,35.48962402,32.99423332,34.5,33.13683319
01/02/2026,IND,Jarace Walker,PF,SAS,19.13656425,18.61187553,6.5,7.861859322
01/02/2026,LAL,Jaxson Hayes,C,MEM,17.69804382,16.47968559,5.5,6.854704857
01/02/2026,CHI,Nikola Vucevic,C,ORL,30.15015793,28.11890907,17.5,16.18060303
01/02/2026,LAL,Jarred Vanderbilt,PF,MEM,21.53625298,20.52041969,5.5,6.811982632
01/02/2026,SAC,DeMar DeRozan,PF,PHO,32.45498276,31.74829063,18.5,19.80509567
01/02/2026,OKC,Jalen Williams,SG,GSW,29.5212822,28.88228455,17.5,16.21891975
01/02/2026,MIL,Bobby Portis,PF,CHO,22.50561905,26.87504654,12.5,11.23757076
01/02/2026,ATL,Zaccharie Risacher,SF,NYK,23.45601463,22.55095482,9.5,10.70026302
01/02/2026,OKC,Aaron Wiggins,SG,GSW,15.66666603,13.31789284,6.5,5.317775726
01/02/2026,CLE,De'Andre Hunter,SF,DEN,24.41604805,26.6338871,12.5,11.32225132
01/02/2026,OKC,Luguentz Dort,SF,GSW,24.36911392,25.91642685,7.5,8.655189514
01/02/2026,NOP,Yves Missi,C,POR,18.11579323,13.46332474,7.5,6.36596489
01/02/2026,CHO,LaMelo Ball,PG,MIL,29.7497139,27.78780975,20.5,19.40978241
01/02/2026,GSW,Al Horford,C,OKC,15.71354103,16.26429558,5.5,6.510741711
01/02/2026,BRK,Terance Mann,SG,WAS,27.7077961,26.70903816,8.5,7.555428505
01/02/2026,DEN,Jalen Pickett,SG,CLE,17.02409935,11.68242874,8.5,7.55719471
01/02/2026,ORL,Desmond Bane,SG,CHI,35.08885193,35.48132477,22.5,21.60454941
01/02/2026,PHO,Dillon Brooks,SF,SAC,30.81409645,29.61320686,20.5,19.62387085
01/02/2026,IND,Jay Huff,C,SAS,17.13128853,21.75204391,7.5,6.654916763
01/02/2026,OKC,Alex Caruso,SG,GSW,15.84496117,18.88841705,4.5,5.334562778
01/02/2026,MEM,Cedric Coward,SG,LAL,29.70570374,26.99955215,14.5,15.32615185
01/02/2026,NYK,OG Anunoby,PF,ATL,36.38293076,33.6267807,17.5,18.31847191
01/02/2026,IND,Pascal Siakam,PF,SAS,33.43409729,31.65270309,23.5,22.69227028
01/02/2026,OKC,Ajay Mitchell,SG,GSW,24.53056717,25.58637733,10.5,9.721630096
01/02/2026,ORL,Goga Bitadze,C,CHI,17.2622261,16.16430531,5.5,6.113173485
01/02/2026,OKC,Cason Wallace,SG,GSW,26.5152092,26.09584846,7.5,8.099592209
01/02/2026,LAL,Deandre Ayton,C,MEM,28.35834885,27.23633194,13.5,12.90374756
01/02/2026,CLE,Jarrett Allen,C,DEN,25.95937157,25.83727837,13.5,12.96589661
01/02/2026,WAS,Khris Middleton,SF,BRK,22.58368301,21.83833122,9.5,9.99227047
01/02/2026,LAL,LeBron James,SF,MEM,33.39578247,31.02298393,23.5,23.95742798
01/02/2026,POR,Kris Murray,SF,NOP,26.09004974,27.84906693,6.5,6.928096771
01/02/2026,DEN,Bruce Brown,SG,CLE,26.96642685,28.75501556,9.5,9.078757286
01/02/2026,PHO,Royce O'Neale,SF,SAC,29.62360764,27.96965523,9.5,9.864484787
01/02/2026,POR,Donovan Clingan,C,NOP,27.81128502,28.34840088,12.5,12.15159988
01/02/2026,SAC,Keegan Murray,PF,PHO,33.39321136,35.53443985,14.5,14.84127998
01/02/2026,CHI,Isaac Okoro,SG,ORL,23.02487755,20.70380096,9.5,9.837564468
01/02/2026,IND,T.J. McConnell,PG,SAS,17.12258911,16.30755348,8.5,8.201066971
01/02/2026,CLE,Darius Garland,PG,DEN,30.9245491,31.29309502,18.5,18.22233582
01/02/2026,POR,Shaedon Sharpe,SG,NOP,32.79460526,31.53276253,24.5,24.23270416
01/02/2026,DEN,Tim Hardaway Jr.,SG,CLE,30.08893013,30.6499012,15.5,15.31737232
01/02/2026,PHO,Collin Gillespie,PG,SAC,31.67188263,31.55323105,14.5,14.66839695
01/02/2026,SAS,Luke Kornet,C,IND,22.30810928,22.36702766,8.5,8.503991127
01/03/2026,NYK,Karl-Anthony Towns,C,PHI,28.41184616,31.89927711,21.5,38.09664154
01/03/2026,LAC,Ivica Zubac,C,BOS,25.83215904,24.2831501,11.5,0.950247288
01/03/2026,DAL,Anthony Davis,PF,HOU,34.03892136,31.16273766,21.5,30.03914642
01/03/2026,NYK,Mikal Bridges,SF,PHI,35.64361191,36.35566864,16.5,8.111784935
01/03/2026,TOR,Ja'Kobe Walter,SG,ATL,21.641922,20.41124535,5.5,11.37705898
01/03/2026,MIA,Jaime Jaquez Jr.,SF,MIN,31.37939644,29.1222847,14.5,20.25570679
01/03/2026,GSW,Draymond Green,PF,UTA,22.96646118,26.80629921,8.5,14.01670551
01/03/2026,PHI,VJ Edgecombe,SG,NYK,36.36927032,34.27210846,15.5,20.66168976
01/03/2026,SAS,Harrison Barnes,PF,POR,25.17471313,26.38964958,11.5,6.361382484
01/03/2026,MIN,Naz Reid,C,MIA,29.05098343,29.34485703,13.5,18.58389664
01/03/2026,DAL,Naji Marshall,SF,HOU,28.76156044,31.29777718,9.5,14.26594067
01/03/2026,CHI,Ayo Dosunmu,SG,CHO,24.67447662,24.47516022,14.5,9.964236259
01/03/2026,UTA,Keyonte George,PG,GSW,34.94272232,34.29141769,24.5,29.00867271
01/03/2026,CHO,Miles Bridges,PF,CHI,33.99124146,32.41039429,18.5,14.22418022
01/03/2026,TOR,Brandon Ingram,SF,ATL,35.5872345,34.18412704,23.5,19.26742935
01/03/2026,ATL,Onyeka Okongwu,C,TOR,34.43948364,33.44382324,17.5,21.65792847
01/03/2026,MIN,Julius Randle,PF,MIA,33.81209183,32.81337242,20.5,24.44761848
01/03/2026,UTA,Brice Sensabaugh,SF,GSW,28.34290886,22.80370216,14.5,10.56615162
01/03/2026,GSW,Quinten Post,PF,UTA,17.58803558,19.44783287,8.5,4.61269331
01/03/2026,LAC,Nicolas Batum,PF,BOS,25.46380424,22.67249298,4.5,8.324838638
01/03/2026,UTA,Kyle Filipowski,C,GSW,23.97270584,21.87792931,11.5,7.693613052
01/03/2026,NYK,Jordan Clarkson,SG,PHI,18.35708237,22.63629837,7.5,11.24003983
01/03/2026,SAS,Stephon Castle,PG,POR,32.32816315,30.6327961,20.5,16.84785271
01/03/2026,DAL,Max Christie,SG,HOU,29.05282402,26.89197884,9.5,13.05952263
01/03/2026,CHI,Kevin Huerter,SF,CHO,23.16280746,21.8642086,13.5,9.959593773
01/03/2026,CHI,Isaac Okoro,SG,CHO,24.71136475,21.25885468,9.5,12.96787453
01/03/2026,CHO,Brandon Miller,SF,CHI,32.67381287,33.00765877,20.5,23.93170929
01/03/2026,CHI,Jalen Smith,C,CHO,23.10341644,18.14866142,12.5,9.073718071
01/03/2026,PHI,Tyrese Maxey,PG,NYK,38.63411713,37.93939209,28.5,25.17962074
01/03/2026,CHO,Kon Knueppel,SF,CHI,32.16997147,32.86827507,19.5,16.22729874
01/03/2026,SAS,Dylan Harper,SG,POR,22.11865234,20.97366905,14.5,11.24556828
01/03/2026,LAC,Kawhi Leonard,SF,BOS,37.58394623,32.8867836,28.5,31.65389442
01/03/2026,TOR,Immanuel Quickley,PG,ATL,33.62720108,32.35159378,16.5,19.65200996
01/03/2026,MIA,Bam Adebayo,C,MIN,32.34766006,30.25675583,16.5,13.36253929
01/03/2026,MIN,Anthony Edwards,SG,MIA,36.46589661,35.4208477,29.5,26.41832542
01/03/2026,TOR,Jamal Shead,PG,ATL,22.76885033,23.24194603,7.5,10.45619202
01/03/2026,MIN,Donte DiVincenzo,SG,MIA,31.35444641,31.27484665,12.5,9.580540657
01/03/2026,POR,Deni Avdija,SF,SAS,36.29277039,35.30279999,26.5,23.60401154
01/03/2026,LAC,James Harden,PG,BOS,36.51817322,32.90913696,24.5,27.3946228
01/03/2026,MIA,Davion Mitchell,PG,MIN,29.3133831,27.45011673,8.5,5.7163167
01/03/2026,GSW,Jimmy Butler,SF,UTA,29.57141113,31.89416008,19.5,22.26372528
01/03/2026,CHO,Collin Sexton,SG,CHI,25.45060158,19.01588783,12.5,15.20082855
01/03/2026,ATL,Vit Krejci,PG,TOR,26.70725441,22.99808617,9.5,12.03826809
01/03/2026,ATL,Zaccharie Risacher,SF,TOR,23.10928345,22.65190582,10.5,8.036184311
01/03/2026,HOU,Amen Thompson,SF,DAL,36.93455124,34.28274994,16.5,18.87758636
01/03/2026,SAS,Julian Champagnie,SF,POR,27.09777451,26.21084213,12.5,10.13249397
01/03/2026,MIA,Kel'el Ware,C,MIN,27.02646255,26.33103981,12.5,14.76236439
01/03/2026,LAC,John Collins,PF,BOS,25.78349304,26.071772,10.5,12.69020844
01/03/2026,BOS,Luka Garza,C,LAC,20.03476143,17.60693455,7.5,9.676742554
01/03/2026,BOS,Derrick White,SG,LAC,36.73929214,34.55357628,18.5,20.63142586
01/03/2026,GSW,Moses Moody,SG,UTA,22.86480331,23.20801125,10.5,8.481921196
01/03/2026,LAC,Brook Lopez,C,BOS,21.43923378,20.11210518,6.5,8.471767426
01/03/2026,DAL,Klay Thompson,SF,HOU,18.65876961,21.56011391,8.5,10.40758705
01/03/2026,CHO,Tidjane Salaun,PF,CHI,21.66190147,19.34626846,7.5,9.312226295
01/03/2026,POR,Shaedon Sharpe,SG,SAS,33.02839279,31.40501747,24.5,22.69145012
01/03/2026,SAS,Keldon Johnson,SF,POR,23.59566498,20.17051125,13.5,15.30831432
01/03/2026,MIA,Norman Powell,SG,MIN,33.26475143,30.1639183,23.5,25.17562103
01/03/2026,NYK,Tyler Kolek,PG,PHI,19.82450294,21.13179169,5.5,7.116846085
01/03/2026,UTA,Svi Mykhailiuk,SF,GSW,18.93755341,16.77589836,7.5,5.930028439
01/03/2026,SAS,De'Aaron Fox,PG,POR,32.53649139,30.92506371,22.5,20.9465847
01/03/2026,CHI,Matas Buzelis,PF,CHO,27.60576248,26.06057854,16.5,14.97835064
01/03/2026,MIN,Jaden McDaniels,PF,MIA,30.02003098,31.91356659,13.5,11.97994232
01/03/2026,CHI,Nikola Vucevic,C,CHO,32.09822464,28.07861862,17.5,16.01452446
01/03/2026,GSW,Stephen Curry,PG,UTA,28.48156738,33.19829865,28.5,27.02418327
01/03/2026,DAL,Cooper Flagg,PG,HOU,37.09176636,35.5605423,19.5,18.05324554
01/03/2026,TOR,RJ Barrett,SF,ATL,26.86372566,27.40769653,15.5,16.92885208
01/03/2026,MIN,Jaylen Clark,SG,MIA,15.27544212,14.22677021,4.5,5.924406052
01/03/2026,POR,Kris Murray,SF,SAS,26.10958481,27.21407509,6.5,7.853286266
01/03/2026,PHI,Paul George,PF,NYK,33.69850922,31.54270439,15.5,16.80732346
01/03/2026,BOS,Jaylen Brown,SF,LAC,34.20828247,32.10986481,28.5,27.2061882
01/03/2026,TOR,Ochai Agbaji,SG,ATL,17.58044243,21.4065567,5.5,6.781183243
01/03/2026,UTA,Isaiah Collier,PG,GSW,25.92815208,23.95580597,8.5,9.744739532
01/03/2026,HOU,Alperen Sengun,C,DAL,34.64650726,31.74176559,20.5,19.33350372
01/03/2026,HOU,Reed Sheppard,PG,DAL,28.97182083,26.45575142,12.5,13.58948612
01/03/2026,CHO,LaMelo Ball,PG,CHI,29.19885254,28.2198494,20.5,21.57333755
01/03/2026,HOU,Kevin Durant,SF,DAL,36.9319191,33.50611496,24.5,25.55986595
01/03/2026,MIN,Rudy Gobert,C,MIA,33.62730789,30.92185783,10.5,9.538602829
01/03/2026,POR,Donovan Clingan,C,SAS,29.29595375,27.91321793,11.5,12.44202137
01/03/2026,CHI,Patrick Williams,PF,CHO,17.6830368,12.59226227,9.5,8.576789856
01/03/2026,PHI,Joel Embiid,C,NYK,33.75384903,29.89733429,25.5,26.4154644
01/03/2026,BOS,Neemias Queta,C,LAC,26.71907234,26.5654911,9.5,10.38090229
01/03/2026,TOR,Sandro Mamukelashvili,C,ATL,19.45070076,23.77717361,10.5,11.35035324
01/03/2026,SAS,Luke Kornet,C,POR,23.31242943,22.0113903,8.5,9.275985718
01/03/2026,TOR,Collin Murray-Boyles,PF,ATL,23.07040977,18.79029007,6.5,7.24965477
01/03/2026,CHI,Tre Jones,PG,CHO,27.59910583,25.12658348,13.5,12.78099728
01/03/2026,ATL,Asa Newell,PF,TOR,11.74374008,13.73423576,6.5,5.809936047
01/03/2026,HOU,Jabari Smith Jr.,PF,DAL,35.12791824,32.79263992,14.5,13.81034946
01/03/2026,ATL,Nickeil Alexander-Walker,SG,TOR,33.59720612,32.16259689,20.5,19.81139755
01/03/2026,LAC,Kris Dunn,PG,BOS,28.29125404,27.0449379,6.5,7.139578342
01/03/2026,DAL,P.J. Washington,PF,HOU,32.2755394,31.24833069,13.5,12.87063885
01/03/2026,NYK,Miles McBride,SG,PHI,29.07799911,27.7289608,12.5,13.12009239
01/03/2026,BOS,Jordan Walsh,PF,LAC,13.4461565,18.95507355,4.5,3.976310015
01/03/2026,MIA,Nikola Jovic,PF,MIN,23.17794037,14.18458443,10.5,11.01222038
01/03/2026,ATL,Dyson Daniels,SG,TOR,35.5712471,33.8966774,11.5,11.97929382
01/03/2026,NYK,OG Anunoby,PF,PHI,35.67834473,34.49601898,17.5,17.97896004
01/03/2026,PHI,Jared McCain,SG,NYK,17.59265327,21.79834595,5.5,5.127196312
01/03/2026,HOU,Tari Eason,PF,DAL,21.62455177,19.63411102,11.5,11.82390022
01/03/2026,NYK,Jalen Brunson,PG,PHI,36.00640488,36.65004044,29.5,29.2076664
01/03/2026,LAC,Derrick Jones Jr.,SF,BOS,21.74473763,15.19969292,8.5,8.783380508
01/03/2026,POR,Toumani Camara,PF,SAS,33.61418915,32.18279037,12.5,12.27689552
01/03/2026,ATL,Jalen Johnson,SF,TOR,36.26152802,35.06627007,23.5,23.30040932
01/03/2026,BOS,Payton Pritchard,PG,LAC,34.12299347,33.02185097,16.5,16.66160583
01/03/2026,PHI,Quentin Grimes,SG,NYK,31.66573715,31.61958466,10.5,10.58351612
01/03/2026,MIA,Andrew Wiggins,SF,MIN,32.03649902,29.90037613,15.5,15.41851425
01/03/2026,UTA,Lauri Markkanen,PF,GSW,35.69697189,35.29275894,26.5,26.56498146
01/03/2026,BOS,Anfernee Simons,SG,LAC,26.08488846,26.42083893,11.5,11.5199728
01/03/2026,TOR,Scottie Barnes,PF,ATL,35.44426346,34.8832428,19.5,19.50968552
01/04/2026,CLE,Sam Merrill,SG,DET,23.55091858,26.41802902,9.5,19.78740692
01/04/2026,MIL,Giannis Antetokounmpo,PF,SAC,28.48070145,28.82972984,29.5,19.88979912
01/04/2026,DEN,Christian Braun,SG,BRK,27.53801727,28.55149956,11.5,3.507167578
01/04/2026,SAC,Zach LaVine,SG,MIL,28.48666573,29.40452805,16.5,23.56708336
01/04/2026,MIL,Myles Turner,C,SAC,27.85325241,27.89352303,10.5,16.72702789
01/04/2026,MIN,Naz Reid,C,WAS,27.86016083,28.88804817,14.5,20.67871666
01/04/2026,LAL,Luka Doncic,PG,MEM,35.53013992,32.36730843,35.5,29.42501831
01/04/2026,ORL,Anthony Black,PG,IND,34.56821823,34.4586586,19.5,24.5237999
01/04/2026,BRK,Day'Ron Sharpe,C,DEN,19.74566269,16.87864609,12.5,7.480958939
01/04/2026,MEM,Jaren Jackson Jr.,C,LAL,33.197258,31.63308258,20.5,25.27560425
01/04/2026,ORL,Paolo Banchero,PF,IND,36.14995575,34.15942688,25.5,20.93354416
01/04/2026,MEM,Cedric Coward,SG,LAL,27.74328041,27.67821159,14.5,18.92903328
01/04/2026,DET,Paul Reed,C,CLE,7.860435486,6.906666946,7.5,3.236338139
01/04/2026,CLE,Evan Mobley,PF,DET,31.1987896,29.98184128,16.5,12.34061337
01/04/2026,MIA,Bam Adebayo,C,NOP,32.58470154,30.22527847,17.5,13.38213921
01/04/2026,DET,Duncan Robinson,SF,CLE,26.20823097,27.04132271,11.5,7.552245617
01/04/2026,PHO,Collin Gillespie,PG,OKC,30.88017464,31.63279381,13.5,17.31343269
01/04/2026,NOP,Jordan Poole,PG,MIA,27.9100132,27.1619915,16.5,20.28459549
01/04/2026,DET,Marcus Sasser,PG,CLE,12.1291151,7.972751522,11.5,8.022790909
01/04/2026,NOP,Zion Williamson,PF,MIA,30.15059853,28.24588661,24.5,27.96533394
01/04/2026,ORL,Desmond Bane,SG,IND,34.89894104,35.25493774,21.5,18.23153305
01/04/2026,DET,Isaiah Stewart,C,CLE,24.02694511,22.59852409,12.5,9.241932869
01/04/2026,OKC,Jalen Williams,SG,PHO,28.51190186,28.31628227,17.5,14.32047558
01/04/2026,OKC,Chet Holmgren,PF,PHO,29.87304497,27.02369728,16.5,19.569561
01/04/2026,MIN,Anthony Edwards,SG,WAS,35.90530014,35.36796989,30.5,27.47567368
01/04/2026,MEM,Santi Aldama,PF,LAL,33.05423355,32.32033348,14.5,17.46404266
01/04/2026,MIL,Kevin Porter Jr.,PG,SAC,36.45550537,35.63687134,17.5,14.5620966
01/04/2026,PHO,Devin Booker,SG,OKC,31.54929352,31.84239082,23.5,26.40386963
01/04/2026,MIA,Jaime Jaquez Jr.,SF,NOP,27.76988029,29.82877808,16.5,19.37687111
01/04/2026,DET,Jaden Ivey,SG,CLE,19.04810524,16.25193596,10.5,7.656538963
01/04/2026,DET,Ausar Thompson,SF,CLE,27.25953674,26.77805748,12.5,9.685978889
01/04/2026,MIA,Kel'el Ware,C,NOP,28.45407104,26.1831295,13.5,16.31055069
01/04/2026,MIN,Donte DiVincenzo,SG,WAS,30.70255852,31.03734856,12.5,9.702486992
01/04/2026,BRK,Noah Clowney,PF,DEN,29.96014977,28.89979172,11.5,8.722165108
01/04/2026,LAL,LeBron James,SF,MEM,33.62998962,31.05896645,23.5,20.77756691
01/04/2026,MIN,Jaden McDaniels,PF,WAS,30.09809685,30.72118149,13.5,10.79333591
01/04/2026,IND,Andrew Nembhard,PG,ORL,33.35945892,31.77786522,18.5,15.79677773
01/04/2026,MEM,Jaylen Wells,SG,LAL,30.45386124,31.67568398,13.5,10.86416149
01/04/2026,LAL,Deandre Ayton,C,MEM,28.42012215,27.17744637,12.5,9.941255569
01/04/2026,IND,Aaron Nesmith,SF,ORL,29.20660019,24.03944206,13.5,10.98623466
01/04/2026,CLE,De'Andre Hunter,SF,DET,26.88829994,26.37249947,13.5,11.22831249
01/04/2026,WAS,Bilal Coulibaly,SG,MIN,28.36738968,26.78871498,10.5,12.71516895
01/04/2026,OKC,Shai Gilgeous-Alexander,PG,PHO,33.91566849,30.84837036,31.5,29.36473846
01/04/2026,DEN,Aaron Gordon,PF,BRK,23.62872505,29.77366867,12.5,10.48259068
01/04/2026,PHO,Mark Williams,C,OKC,22.03399467,23.53970528,10.5,12.46967506
01/04/2026,CLE,Jaylon Tyson,SG,DET,27.21684456,27.89619598,12.5,14.31085968
01/04/2026,NOP,Jeremiah Fears,PG,MIA,27.70700836,26.66022186,12.5,10.78354645
01/04/2026,NOP,Derik Queen,C,MIA,24.68478775,29.35280151,12.5,14.1848917
01/04/2026,OKC,Cason Wallace,SG,PHO,26.62894249,25.7149044,7.5,9.163236618
01/04/2026,IND,Ben Sheppard,SG,ORL,20.1024189,21.70856094,6.5,8.107225418
01/04/2026,MIN,Rudy Gobert,C,WAS,31.64156532,31.12867317,11.5,9.926951408
01/04/2026,CLE,Donovan Mitchell,SG,DET,34.24758911,32.99518204,28.5,26.93596649
01/04/2026,MIA,Andrew Wiggins,SF,NOP,32.40140915,30.54675179,17.5,15.98773479
01/04/2026,NOP,Trey Murphy III,SF,MIA,29.7346096,34.60538406,20.5,19.04628563
01/04/2026,SAC,Keegan Murray,PF,MIL,34.16864777,34.69852982,15.5,14.08765316
01/04/2026,WAS,Tre Johnson,SG,MIN,24.5750351,21.72196617,14.5,15.86474991
01/04/2026,OKC,Ajay Mitchell,SG,PHO,26.10359764,24.65816917,12.5,13.82789707
01/04/2026,WAS,Justin Champagnie,SF,MIN,24.01291847,22.88669815,9.5,10.82501316
01/04/2026,DET,Javonte Green,SG,CLE,21.51510048,18.08001614,9.5,8.178356171
01/04/2026,DET,Cade Cunningham,PG,CLE,35.43168259,34.3769249,27.5,26.1941452
01/04/2026,MIN,Julius Randle,PF,WAS,34.26567841,32.69495659,21.5,22.79473114
01/04/2026,MIL,Ryan Rollins,PG,SAC,31.94185829,29.35930748,15.5,16.77196503
01/04/2026,LAL,Marcus Smart,SG,MEM,29.76114082,25.7739563,10.5,11.74042225
01/04/2026,DEN,Jamal Murray,PG,BRK,36.31243134,35.84550209,25.5,24.31705284
01/04/2026,LAL,Jarred Vanderbilt,PF,MEM,20.96175575,20.35597553,5.5,6.630007267
01/04/2026,PHO,Oso Ighodaro,PF,OKC,22.14498711,23.3178669,5.5,6.582073689
01/04/2026,PHO,Royce O'Neale,SF,OKC,29.49374962,28.13911591,8.5,9.541387558
01/04/2026,LAL,Jaxson Hayes,C,MEM,18.54283142,16.28925571,6.5,7.534647942
01/04/2026,DEN,Peyton Watson,SF,BRK,32.88215637,29.98204002,14.5,13.50437737
01/04/2026,SAC,Russell Westbrook,PG,MIL,28.38368607,29.01370201,14.5,13.5211544
01/04/2026,MIL,Bobby Portis,PF,SAC,23.64137268,26.42507362,12.5,13.47224808
01/04/2026,MIA,Davion Mitchell,PG,NOP,31.73771858,27.88738594,9.5,8.574310303
01/04/2026,BRK,Terance Mann,SG,DEN,26.12755394,26.59891815,6.5,5.605023861
01/04/2026,CLE,Jarrett Allen,C,DET,27.86736488,26.29433632,12.5,13.30622673
01/04/2026,CLE,Dean Wade,PF,DET,15.03426456,22.933321,5.5,4.715724468
01/04/2026,BRK,Michael Porter Jr.,SF,DEN,31.64465141,32.30223389,27.5,28.28178596
01/04/2026,ORL,Wendell Carter Jr.,C,IND,31.49342728,31.6402401,12.5,11.79174137
01/04/2026,WAS,CJ McCollum,SG,MIN,31.83454514,31.84691658,18.5,17.79276466
01/04/2026,LAL,Jake LaRavia,PF,MEM,30.31109619,26.33424416,12.5,11.89209938
01/04/2026,MIA,Norman Powell,SG,NOP,32.08804703,30.88141937,24.5,25.0396862
01/04/2026,CLE,Darius Garland,PG,DET,32.48749924,31.7672596,17.5,17.98326302
01/04/2026,WAS,Khris Middleton,SF,MIN,22.41096115,21.81930237,9.5,9.033705711
01/04/2026,IND,Pascal Siakam,PF,ORL,33.80561447,31.71185493,24.5,24.95351219
01/04/2026,ORL,Goga Bitadze,C,IND,16.00128365,16.0417263,6.5,6.935957909
01/04/2026,SAC,DeMar DeRozan,PF,MIL,34.67250061,30.92940369,19.5,19.17431259
01/04/2026,OKC,Luguentz Dort,SF,PHO,27.25237846,25.66944466,6.5,6.818850994
01/04/2026,IND,Jay Huff,C,ORL,18.34523392,20.91430397,7.5,7.20443821
01/04/2026,MIL,Kyle Kuzma,PF,SAC,29.80136108,29.05741692,11.5,11.79116249
01/04/2026,SAC,Maxime Raynaud,C,MIL,28.87998199,26.47571945,12.5,12.21585369
01/04/2026,IND,T.J. McConnell,PG,ORL,17.34810066,15.95726852,9.5,9.78392601
01/04/2026,OKC,Aaron Wiggins,SG,PHO,21.22628021,14.1743782,9.5,9.222971916
01/04/2026,ORL,Tyus Jones,PG,IND,20.73805046,23.59284706,6.5,6.234658718
01/04/2026,PHO,Grayson Allen,SG,OKC,23.55021477,26.00350952,11.5,11.74045849
01/04/2026,PHO,Dillon Brooks,SF,OKC,30.01166916,29.75448189,18.5,18.54894257
01/04/2026,MEM,Ja Morant,PG,LAL,30.28122711,28.00742188,22.5,22.47256851
01/04/2026,SAC,Dennis Schroder,PG,MIL,26.6081562,25.60104485,11.5,11.5107193
01/05/2026,UTA,Keyonte George,PG,POR,37.06211853027344,35.86844482421875,25.5,33.41492462158203
01/05/2026,CHO,Brandon Miller,SF,OKC,34.110984802246094,33.85374908447265,17.5,25.295433044433597
01/05/2026,DEN,Julian Strawther,SG,PHI,11.751823425292969,9.084537792205811,14.5,7.052574157714844
01/05/2026,DEN,Jalen Pickett,SG,PHI,17.721847534179688,15.505866622924804,11.5,5.831012725830078
01/05/2026,ATL,Nickeil Alexander-Walker,SG,TOR,36.81046676635742,32.95256233215332,19.5,24.87806510925293
01/05/2026,LAC,Ivica Zubac,C,GSW,25.609418869018555,27.378575134277344,13.5,8.169854164123535
01/05/2026,DEN,Bruce Brown,SG,PHI,26.56475830078125,28.340177154541017,11.5,6.175530433654785
01/05/2026,CHO,Kon Knueppel,SF,OKC,31.77800941467285,29.19403648376465,16.5,21.613771438598636
01/05/2026,LAC,Kawhi Leonard,SF,GSW,37.39371109008789,33.08843574523926,29.5,34.54996109008789
01/05/2026,PHO,Devin Booker,SG,HOU,35.378963470458984,32.640856170654295,22.5,27.50556945800781
01/05/2026,BOS,Derrick White,SG,CHI,36.68144989013672,33.89485054016113,18.5,23.317790985107425
01/05/2026,CHO,Collin Sexton,SG,OKC,25.16856575012207,23.449282455444337,11.5,16.06810760498047
01/05/2026,UTA,Lauri Markkanen,PF,POR,37.24797439575195,34.96841888427734,26.5,31.04847717285156
01/05/2026,NYK,Miles McBride,SG,DET,30.78643035888672,26.20454216003418,11.5,15.931304931640623
01/05/2026,CHI,Matas Buzelis,PF,BOS,30.72966766357422,26.35869369506836,15.5,19.768808364868164
01/05/2026,PHI,VJ Edgecombe,SG,DEN,36.773529052734375,35.07325057983398,16.5,20.616844177246094
01/05/2026,PHO,Jordan Goodwin,PG,HOU,26.836578369140625,23.709739685058597,7.5,11.594218254089355
01/05/2026,UTA,Jusuf Nurkic,C,POR,30.625703811645508,29.032251358032227,11.5,15.568690299987791
01/05/2026,ATL,Luke Kennard,SG,TOR,20.87005424499512,13.862178897857666,5.5,9.53445053100586
01/05/2026,OKC,Jalen Williams,SG,CHO,29.73602867126465,28.823171615600582,18.5,14.696617126464844
01/05/2026,CHO,LaMelo Ball,PG,OKC,28.476482391357425,28.4209659576416,17.5,21.217912673950195
01/05/2026,POR,Shaedon Sharpe,SG,UTA,32.24527359008789,32.09222412109375,23.5,19.864110946655277
01/05/2026,PHI,Tyrese Maxey,PG,DEN,37.16219711303711,38.254156494140624,26.5,30.07439994812012
01/05/2026,CHI,Isaac Okoro,SG,BOS,26.60200309753418,23.309611129760743,8.5,11.983166694641112
01/05/2026,TOR,Brandon Ingram,SF,ATL,36.48907852172852,35.344604110717775,23.5,26.82607078552246
01/05/2026,CHI,Nikola Vucevic,C,BOS,33.544551849365234,29.559726333618165,17.5,20.75335693359375
01/05/2026,DET,Paul Reed,C,NYK,19.74741554260254,9.317241430282593,10.5,7.326257228851318
01/05/2026,ATL,Onyeka Okongwu,C,TOR,33.88494873046875,33.425439453125,14.5,17.546985626220703
01/05/2026,NYK,Jalen Brunson,PG,DET,37.38689422607422,37.77764739990234,28.5,31.49741744995117
01/05/2026,CHO,Tidjane Salaun,PF,OKC,17.29237937927246,18.731505966186525,5.5,8.356435775756836
01/05/2026,CHI,Coby White,SG,BOS,27.992950439453125,27.53553504943848,17.5,14.644072532653809
01/05/2026,PHO,Collin Gillespie,PG,HOU,31.29930686950684,31.543081283569336,12.5,15.23898220062256
01/05/2026,OKC,Cason Wallace,SG,CHO,25.95430564880371,24.08363666534424,7.5,4.901591300964356
01/05/2026,TOR,Collin Murray-Boyles,PF,ATL,23.90302848815918,21.53603858947754,8.5,6.023293495178223
01/05/2026,OKC,Shai Gilgeous-Alexander,PG,CHO,32.83618927001953,31.70990104675293,30.5,28.163497924804688
01/05/2026,DET,Jaden Ivey,SG,NYK,21.04634475708008,19.11049346923828,9.5,7.196956157684326
01/05/2026,POR,Donovan Clingan,C,UTA,31.86728286743164,27.217093849182127,12.5,14.77496337890625
01/05/2026,TOR,Ja'Kobe Walter,SG,ATL,21.49919319152832,22.06951026916504,5.5,7.707645416259766
01/05/2026,HOU,Steven Adams,C,PHO,20.751243591308597,17.48504009246826,7.5,5.307066440582275
01/05/2026,GSW,Jimmy Butler,SF,LAC,34.28458023071289,33.17868270874023,19.5,17.3287296295166
01/05/2026,DET,Javonte Green,SG,NYK,24.401084899902344,20.64838371276856,7.5,9.621603965759276
01/05/2026,PHO,Royce O'Neale,SF,HOU,31.587722778320312,29.141005325317384,7.5,9.483498573303224
01/05/2026,NYK,Karl-Anthony Towns,C,DET,30.65841293334961,29.075296783447264,20.5,18.53144836425781
01/05/2026,LAC,Brook Lopez,C,GSW,21.571786880493164,20.914414596557616,6.5,8.412609100341797
01/05/2026,DET,Duncan Robinson,SF,NYK,28.68414878845215,28.23959732055664,11.5,9.593971252441406
01/05/2026,GSW,Al Horford,C,LAC,17.26779556274414,14.804858827590945,5.5,7.368828296661377
01/05/2026,DET,Ausar Thompson,SF,NYK,27.07596206665039,23.903619384765623,12.5,10.632116317749023
01/05/2026,BOS,Neemias Queta,C,CHI,26.748313903808597,26.86629676818848,9.5,11.335819244384766
01/05/2026,BOS,Jaylen Brown,SF,CHI,33.84410095214844,31.14338111877441,30.5,32.276695251464844
01/05/2026,UTA,Kyle Filipowski,C,POR,21.23854637145996,19.907529067993163,8.5,6.731744289398193
01/05/2026,TOR,RJ Barrett,SF,ATL,28.62613677978516,29.94156761169433,18.5,16.852867126464844
01/05/2026,NYK,OG Anunoby,PF,DET,36.96072769165039,35.63604888916016,16.5,18.11243057250977
01/05/2026,LAC,Nicolas Batum,PF,GSW,22.86808967590332,24.19043846130371,5.5,7.082486152648926
01/05/2026,PHO,Grayson Allen,SG,HOU,30.662761688232425,27.78037567138672,11.5,13.029952049255373
01/05/2026,UTA,Svi Mykhailiuk,SF,POR,22.548158645629883,18.213153076171874,6.5,8.019392967224121
01/05/2026,ATL,Dyson Daniels,SG,TOR,36.0100212097168,34.312303161621095,12.5,13.95066738128662
01/05/2026,BOS,Anfernee Simons,SG,CHI,26.76153945922852,25.852775955200197,12.5,13.90827178955078
01/05/2026,POR,Toumani Camara,PF,UTA,35.746795654296875,33.63723449707031,14.5,13.113038063049316
01/05/2026,BOS,Sam Hauser,PF,CHI,21.449752807617188,21.25391387939453,8.5,9.852439880371094
01/05/2026,TOR,Jamal Shead,PG,ATL,21.483299255371094,23.68114128112793,6.5,7.846550464630127
01/05/2026,LAC,Kris Dunn,PG,GSW,29.673816680908203,27.315849685668944,8.5,7.228418827056885
01/05/2026,DEN,Peyton Watson,SF,PHI,31.788095474243164,31.983522415161133,19.5,18.23075485229492
01/05/2026,NYK,Mikal Bridges,SF,DET,38.061649322509766,37.7387939453125,15.5,14.23379135131836
01/05/2026,OKC,Isaiah Joe,SG,CHO,17.365217208862305,15.630373096466064,7.5,6.288751602172852
01/05/2026,TOR,Scottie Barnes,PF,ATL,36.41362762451172,35.92068786621094,18.5,19.7026309967041
01/05/2026,ATL,Jalen Johnson,SF,TOR,37.23609924316406,35.11530685424805,23.5,24.70193290710449
01/05/2026,CHI,Kevin Huerter,SF,BOS,26.782819747924805,23.540542602539062,12.5,13.67230987548828
01/05/2026,GSW,Quinten Post,PF,LAC,20.430299758911133,18.08104076385498,7.5,8.6589994430542
01/05/2026,GSW,Brandin Podziemski,SG,LAC,27.45548439025879,28.489385986328124,10.5,11.618133544921877
01/05/2026,OKC,Chet Holmgren,PF,CHO,29.176483154296875,27.470483016967773,17.5,16.41403579711914
01/05/2026,CHI,Tre Jones,PG,BOS,28.37114715576172,26.2828369140625,11.5,12.57141399383545
01/05/2026,DET,Cade Cunningham,PG,NYK,36.642852783203125,34.50709686279297,27.5,28.551925659179688
01/05/2026,TOR,Immanuel Quickley,PG,ATL,33.69976806640625,33.41074562072754,15.5,16.538509368896484
01/05/2026,GSW,De'Anthony Melton,PG,LAC,23.145893096923828,20.23790054321289,8.5,9.52464771270752
01/05/2026,OKC,Aaron Wiggins,SG,CHO,20.50375747680664,18.092930603027344,8.5,7.480050086975098
01/05/2026,PHO,Dillon Brooks,SF,HOU,33.0477294921875,31.02734603881836,19.5,20.515031814575195
01/05/2026,BOS,Payton Pritchard,PG,CHI,36.29453659057617,33.32630996704101,16.5,17.513145446777344
01/05/2026,POR,Deni Avdija,SF,UTA,38.28101348876953,36.5011962890625,28.5,29.47880172729492
01/05/2026,PHO,Mark Williams,C,HOU,22.75578117370605,19.48890972137451,9.5,10.458017349243164
01/05/2026,NYK,Jordan Clarkson,SG,DET,20.60808563232422,23.282958602905275,7.5,8.428247451782227
01/05/2026,TOR,Sandro Mamukelashvili,C,ATL,26.78323173522949,23.04708671569824,11.5,10.636040687561035
01/05/2026,CHI,Ayo Dosunmu,SG,BOS,27.53570938110352,26.101093673706053,12.5,13.360118865966797
01/05/2026,GSW,Moses Moody,SG,LAC,23.45291328430176,22.16962089538574,9.5,8.651485443115234
01/05/2026,BOS,Luka Garza,C,CHI,19.65920639038086,19.674840927124023,9.5,10.345934867858888
01/05/2026,ATL,Zaccharie Risacher,SF,TOR,26.127592086791992,23.068870544433597,9.5,10.288801193237305
01/05/2026,OKC,Luguentz Dort,SF,CHO,27.16230583190918,26.26870193481445,7.5,8.285797119140625
01/05/2026,PHI,Paul George,PF,DEN,33.94880676269531,33.18335647583008,14.5,15.248818397521973
01/05/2026,HOU,Tari Eason,PF,PHO,27.165563583374023,21.67229232788086,14.5,13.767221450805664
01/05/2026,HOU,Reed Sheppard,PG,PHO,27.993749618530277,25.71791381835937,12.5,13.202938079833984
01/05/2026,UTA,Brice Sensabaugh,SF,POR,28.752513885498047,25.857175827026367,13.5,12.83018398284912
01/05/2026,NYK,Mitchell Robinson,C,DET,20.028291702270508,21.211502075195312,4.5,3.838016033172608
01/05/2026,CHO,Moussa Diabate,C,OKC,25.731979370117188,26.601912689208984,7.5,8.095120429992676
01/05/2026,HOU,Amen Thompson,SF,PHO,35.38711166381836,33.92154159545898,18.5,19.06587028503418
01/05/2026,GSW,Draymond Green,PF,LAC,25.782617568969727,25.11106662750244,7.5,8.056099891662598
01/05/2026,PHI,Joel Embiid,C,DEN,32.41904830932617,32.712575149536136,25.5,26.04569625854492
01/05/2026,LAC,John Collins,PF,GSW,27.452783584594727,26.226955795288085,12.5,12.002243041992188
01/05/2026,UTA,Ace Bailey,SF,POR,23.459613800048828,23.945917701721196,10.5,10.975637435913086
01/05/2026,HOU,Kevin Durant,SF,PHO,36.84995651245117,34.42253875732422,27.5,27.04470634460449
01/05/2026,POR,Kris Murray,SF,UTA,27.65613174438477,24.982542037963867,7.5,7.950780391693115
01/05/2026,HOU,Jabari Smith Jr.,PF,PHO,35.78139877319336,33.634413146972655,15.5,15.88801383972168
01/05/2026,OKC,Ajay Mitchell,SG,CHO,26.32990837097168,25.1639087677002,12.5,12.83942699432373
01/05/2026,ATL,Vit Krejci,PG,TOR,25.18118095397949,24.90160217285156,8.5,8.779695510864258
01/05/2026,PHI,Quentin Grimes,SG,DEN,32.0822868347168,32.11643295288086,11.5,11.73512077331543
01/05/2026,CHO,Miles Bridges,PF,OKC,31.8981876373291,29.365138244628906,16.5,16.66157341003418
01/05/2026,DET,Isaiah Stewart,C,NYK,26.947185516357425,23.49942817687988,11.5,11.646321296691896
01/05/2026,ATL,Kristaps Porzingis,C,TOR,24.38608741760254,25.501392364501957,13.5,13.355462074279783
01/05/2026,LAC,James Harden,PG,GSW,35.897491455078125,32.70021553039551,24.5,24.595653533935547
01/05/2026,GSW,Stephen Curry,PG,LAC,35.28418731689453,33.970635986328126,27.5,27.54808616638184
01/06/2026,MEM,Cam Spencer,SG,SAS,24.39885139465332,26.823523330688477,15.5,8.170978546142578
01/06/2026,LAL,Luka Doncic,PG,NOP,36.947444915771484,33.248461151123045,33.5,40.04400634765625
01/06/2026,MIA,Norman Powell,SG,MIN,30.870851516723633,30.586245346069337,22.5,28.38963508605957
01/06/2026,DAL,Anthony Davis,PF,SAC,33.57072830200195,31.26440773010254,24.5,18.959163665771484
01/06/2026,MIN,Donte DiVincenzo,SG,MIA,29.323049545288086,29.644635009765626,13.5,8.988516807556152
01/06/2026,MIN,Jaden McDaniels,PF,MIA,28.10820960998535,29.394436645507813,13.5,9.071006774902344
01/06/2026,SAC,Zach LaVine,SG,DAL,32.05116271972656,28.105436897277833,20.5,16.177722930908203
01/06/2026,SAS,Dylan Harper,SG,MEM,18.903453826904297,22.634640884399413,11.5,7.6948442459106445
01/06/2026,DAL,Max Christie,SG,SAC,28.018775939941406,28.800050354003908,12.5,16.10791778564453
01/06/2026,SAS,Stephon Castle,PG,MEM,31.518125534057617,31.025392913818358,19.5,16.333446502685547
01/06/2026,SAS,Harrison Barnes,PF,MEM,24.957063674926758,26.791117095947264,10.5,7.646399021148682
01/06/2026,DAL,Klay Thompson,SF,SAC,18.48221778869629,23.50022201538086,11.5,8.700981140136719
01/06/2026,LAL,Deandre Ayton,C,NOP,29.08880043029785,29.55357437133789,14.5,11.803295135498047
01/06/2026,SAC,Dennis Schroder,PG,DAL,24.42949676513672,22.913000106811523,11.5,14.152641296386719
01/06/2026,SAC,Drew Eubanks,C,DAL,8.760456085205078,13.092889404296875,5.5,2.8487322330474854
01/06/2026,SAS,Luke Kornet,C,MEM,21.594343185424805,24.306750106811524,7.5,10.020284652709961
01/06/2026,SAC,Keon Ellis,SG,DAL,18.544170379638672,20.73191719055176,5.5,7.669611930847168
01/06/2026,NOP,Trey Murphy III,SF,LAL,36.06570053100586,33.534182739257815,19.5,21.598533630371094
01/06/2026,MIN,Rudy Gobert,C,MIA,32.60127258300781,29.445419311523438,11.5,13.592304229736328
01/06/2026,SAC,Nique Clifford,SG,DAL,19.75335693359375,23.974081420898436,6.5,4.410312175750732
01/06/2026,DAL,Cooper Flagg,PG,SAC,36.19668960571289,36.20325469970703,21.5,19.465579986572266
01/06/2026,DAL,Daniel Gafford,C,SAC,15.004892349243164,19.94669532775879,8.5,6.498447895050049
01/06/2026,MIN,Naz Reid,C,MIA,25.72547721862793,26.88231506347656,14.5,16.40718650817871
01/06/2026,NOP,Yves Missi,C,LAL,12.929312705993652,19.8563232421875,5.5,3.6372900009155273
01/06/2026,SAS,De'Aaron Fox,PG,MEM,32.791046142578125,32.89607162475586,21.5,23.238956451416016
01/06/2026,MIA,Kel'el Ware,C,MIN,27.531740188598633,25.27428283691406,11.5,13.196170806884766
01/06/2026,NOP,Jordan Poole,PG,LAL,25.40618324279785,22.917623901367186,15.5,17.184423446655273
01/06/2026,DAL,Brandon Williams,PG,SAC,19.686004638671875,23.450035858154298,12.5,14.040987968444824
01/06/2026,SAS,Julian Champagnie,SF,MEM,25.661958694458008,26.831430435180664,10.5,12.034542083740234
01/06/2026,SAC,Russell Westbrook,PG,DAL,30.580286026000977,26.709041786193847,14.5,15.999074935913086
01/06/2026,MIN,Julius Randle,PF,MIA,33.43588638305664,31.946173095703124,20.5,21.98950958251953
01/06/2026,NOP,Jose Alvarado,PG,LAL,18.161535263061523,20.47362937927246,6.5,5.084409713745117
01/06/2026,SAS,Victor Wembanyama,C,MEM,22.652179718017578,24.371285247802735,19.5,20.901962280273438
01/06/2026,LAL,Jarred Vanderbilt,PF,NOP,18.842424392700195,19.490941429138182,5.5,6.825625419616699
01/06/2026,MEM,Vince Williams Jr.,SG,SAS,15.02928638458252,15.115340614318848,6.5,5.231954574584961
01/06/2026,MEM,Jock Landale,C,SAS,19.058887481689453,14.827583408355713,11.5,10.260607719421387
01/06/2026,LAL,Marcus Smart,SG,NOP,28.629281997680664,27.95747528076172,10.5,9.305076599121094
01/06/2026,SAC,Maxime Raynaud,C,DAL,27.431053161621094,29.580904388427733,11.5,10.317214012145996
01/06/2026,MIN,Anthony Edwards,SG,MIA,36.75998306274414,33.9448974609375,29.5,28.321744918823242
01/06/2026,NOP,Zion Williamson,PF,LAL,26.232391357421875,27.269738388061523,24.5,23.365585327148438
01/06/2026,LAL,Jaxson Hayes,C,NOP,15.205215454101562,14.98091926574707,5.5,6.6332173347473145
01/06/2026,MIA,Andrew Wiggins,SF,MIN,29.851285934448242,29.74594955444336,15.5,14.411863327026367
01/06/2026,LAL,LeBron James,SF,NOP,34.88190841674805,31.646420669555663,24.5,25.577762603759766
01/06/2026,LAL,Jake LaRavia,PF,NOP,29.026630401611328,29.589550399780272,13.5,12.457845687866211
01/06/2026,MIA,Davion Mitchell,PG,MIN,29.65310287475586,29.818827438354493,8.5,9.470440864562988
01/06/2026,MEM,Santi Aldama,PF,SAS,32.95182418823242,31.99150161743164,15.5,14.567831039428711
01/06/2026,DAL,Naji Marshall,SF,SAC,29.75187873840332,30.130963134765626,13.5,12.583586692810059
01/06/2026,MIA,Bam Adebayo,C,MIN,32.425132751464844,29.688206100463866,16.5,15.643912315368652
01/06/2026,MIA,Tyler Herro,SG,MIN,20.750953674316406,17.57533836364746,15.5,16.301088333129883
01/06/2026,NOP,Herbert Jones,SF,LAL,18.84191131591797,22.09167346954346,8.5,9.268623352050781
01/06/2026,MEM,Jaren Jackson Jr.,C,SAS,33.29071807861328,32.86541938781738,20.5,21.201026916503906
01/06/2026,MIA,Nikola Jovic,PF,MIN,17.19890594482422,22.89923858642578,8.5,9.173484802246094
01/06/2026,MIA,Pelle Larsson,SG,MIN,18.88726234436035,21.870359897613525,8.5,7.924540996551514
01/06/2026,NOP,Jeremiah Fears,PG,LAL,24.391014099121094,26.860383605957033,12.5,12.957456588745117
01/06/2026,SAC,DeMar DeRozan,PF,DAL,33.63800811767578,30.696328735351564,18.5,18.929555892944336
01/06/2026,MEM,Kentavious Caldwell-Pope,SG,SAS,18.974205017089844,18.580671501159667,9.5,9.080085754394531
01/06/2026,SAS,Keldon Johnson,SF,MEM,20.699451446533203,24.217762756347657,11.5,11.293740272521973
01/06/2026,MEM,Jaylen Wells,SG,SAS,29.102373123168945,29.768909072875978,14.5,14.3251371383667
01/06/2026,SAC,Precious Achiuwa,C,DAL,16.147384643554688,18.503254890441895,6.5,6.659702777862549
01/06/2026,NOP,Derik Queen,C,LAL,27.688173294067383,26.650654602050782,12.5,12.38092041015625
