Season,Date,Team,Opp,Player,Pos,role,MP_h1,PTS_h1,FG_h1,FGA_h1,FT_h1,FTA_h1,TPM_h1,TPA_h1,PF_h1,PTS,MP_h2,TeamPTS_pct_h1,TeamFGA_pct_h1,Spread_h1,FG_h1_base,FGA_h1_base,FGA_h2_base,PTS_h1_base,PTS_h2_base,PTSDiff,FGDiff,FGADiff,MP
2025,01/27/2026,BRK,PHO,Ben Saraf,SG,2,,,,,,,,,,,,,,0.0,1.0,2.6,3.24,2.56,4.25,,,,17.08874
2025,01/27/2026,BRK,PHO,Cam Thomas,SG,2,,,,,,,,,,,,,,0.0,1.29,4.44,5.38,3.84,5.4,,,,20.483503
2025,01/27/2026,BRK,PHO,Chaney Johnson,SF,2,,,,,,,,,,,,,,0.0,,,,,,,,,14.1421795
2025,01/27/2026,BRK,PHO,Danny Wolf,PF,2,,,,,,,,,,,,,,0.0,1.28,3.56,3.9,3.78,4.58,,,,19.186068
2025,01/27/2026,BRK,PHO,Day'Ron Sharpe,C,2,,,,,,,,,,,,,,0.0,2.23,3.9,1.31,5.85,2.16,,,,18.838213
2025,01/27/2026,BRK,PHO,Drake Powell,SG,1,,,,,,,,,,,,,,0.0,1.33,3.27,3.01,4.029999999999999,2.21,,,,25.441734
2025,01/27/2026,BRK,PHO,E.J. Liddell,PF,2,,,,,,,,,,,,,,0.0,0.0,0.0,0.7499999999999999,0.0,1.25,,,,8.20019
2025,01/27/2026,BRK,PHO,Egor Dmin,PG,2,,,,,,,,,,,,,,0.0,1.7399999999999998,4.19,3.34,5.38,4.06,,,,24.471508
2025,01/27/2026,BRK,PHO,Haywood Highsmith,SF,2,,,,,,,,,,,,,,0.0,,,,,,,,,19.878006
2025,01/27/2026,BRK,PHO,Jalen Wilson,PF,2,,,,,,,,,,,,,,0.0,0.49,2.01,2.5700000000000003,1.53,3.85,,,,17.212149
2025,01/27/2026,BRK,PHO,Michael Porter Jr.,SF,1,,,,,,,,,,,,,,0.0,3.58,8.469999999999999,7.390000000000001,10.85,9.04,,,,33.45105
2025,01/27/2026,BRK,PHO,Nic Claxton,C,2,,,,,,,,,,,,,,0.0,2.02,3.86,3.82,4.54,5.26,,,,27.960909
2025,01/27/2026,BRK,PHO,Noah Clowney,PF,2,,,,,,,,,,,,,,0.0,1.89,5.48,5.02,5.46,6.76,,,,24.273987
2025,01/27/2026,BRK,PHO,Nolan Traore,PG,2,,,,,,,,,,,,,,0.0,1.31,3.37,4.24,3.75,4.609999999999999,,,,21.595657
2025,01/27/2026,BRK,PHO,Terance Mann,SG,1,,,,,,,,,,,,,,0.0,1.66,3.01,2.59,4.13,2.35,,,,25.461397
2025,01/27/2026,BRK,PHO,Tyrese Martin,SG,2,,,,,,,,,,,,,,0.0,0.6799999999999999,1.9,3.25,1.71,4.25,,,,17.569878
2025,01/27/2026,BRK,PHO,Tyson Etienne,PG,2,,,,,,,,,,,,,,0.0,0.0,0.0,1.625,0.0,2.25,,,,11.549064
2025,01/27/2026,BRK,PHO,Ziaire Williams,SF,2,,,,,,,,,,,,,,0.0,1.62,3.77,3.77,5.109999999999999,5.01,,,,22.949762
2025,01/27/2026,DEN,DET,Aaron Gordon,PF,2,,,,,,,,,,,,,,0.0,3.09,6.23,4.91,9.16,6.76,,,,27.50279
2025,01/27/2026,DEN,DET,Bruce Brown,SG,2,,,,,,,,,,,,,,0.0,1.59,3.25,3.63,3.4799999999999995,3.45,,,,23.37065
2025,01/27/2026,DEN,DET,Cameron Johnson,SF,2,,,,,,,,,,,,,,0.0,1.99,4.869999999999999,4.33,5.529999999999999,6.970000000000001,,,,22.686678
2025,01/27/2026,DEN,DET,Christian Braun,SG,2,,,,,,,,,,,,,,0.0,1.32,3.38,2.79,3.84,2.84,,,,24.613874
2025,01/27/2026,DEN,DET,Curtis Jones,SG,2,,,,,,,,,,,,,,0.0,0.25,1.0,2.0,0.7499999999999999,1.25,,,,12.294928
2025,01/27/2026,DEN,DET,DaRon Holmes,PF,2,,,,,,,,,,,,,,0.0,1.0,1.89,2.16,2.88,2.08,,,,16.006786
2025,01/27/2026,DEN,DET,Hunter Tyson,PF,2,,,,,,,,,,,,,,0.0,0.12,1.15,3.01,0.52,2.52,,,,13.4741535
2025,01/27/2026,DEN,DET,Jalen Pickett,SG,1,,,,,,,,,,,,,,0.0,1.7399999999999998,4.12,4.32,4.44,4.07,,,,29.343391
2025,01/27/2026,DEN,DET,Jamal Murray,PG,1,,,,,,,,,,,,,,0.0,5.54,10.31,9.330000000000002,14.89,12.58,,,,38.299484
2025,01/27/2026,DEN,DET,Jonas Valanciunas,C,1,,,,,,,,,,,,,,0.0,2.23,3.89,2.67,5.42,4.359999999999999,,,,22.520927
2025,01/27/2026,DEN,DET,Julian Strawther,SG,2,,,,,,,,,,,,,,0.0,0.4,1.62,3.26,1.2999999999999998,5.68,,,,12.446913
2025,01/27/2026,DEN,DET,Nikola Jokic,C,2,,,,,,,,,,,,,,0.0,6.08,9.3,8.29,15.75,12.8,,,,26.617386
2025,01/27/2026,DEN,DET,Peyton Watson,SF,1,,,,,,,,,,,,,,0.0,4.26,8.16,6.7,12.05,10.22,,,,34.632206
2025,01/27/2026,DEN,DET,Spencer Jones,SF,1,,,,,,,,,,,,,,0.0,1.99,3.08,1.97,5.31,1.1,,,,32.1693
2025,01/27/2026,DEN,DET,Tamar Bates,SG,2,,,,,,,,,,,,,,0.0,,,,,,,,,17.630688
2025,01/27/2026,DEN,DET,Tim Hardaway Jr.,SG,2,,,,,,,,,,,,,,0.0,2.02,5.74,5.23,6.359999999999999,6.98,,,,27.309568
2025,01/27/2026,DEN,DET,Zeke Nnaji,PF,2,,,,,,,,,,,,,,0.0,0.83,2.88,3.56,2.24,4.959999999999999,,,,18.266394
2025,01/27/2026,DET,DEN,Ausar Thompson,SF,1,,,,,,,,,,,,,,0.0,2.22,4.16,2.91,5.640000000000001,2.94,,,,26.855585
2025,01/27/2026,DET,DEN,Bobi Klintman,SF,2,,,,,,,,,,,,,,0.0,0.625,1.0,1.625,1.625,0.7499999999999999,,,,12.901643
2025,01/27/2026,DET,DEN,Cade Cunningham,PG,1,,,,,,,,,,,,,,0.0,4.06,9.96,7.18,10.93,9.509999999999998,,,,36.803864
2025,01/27/2026,DET,DEN,Caris LeVert,SG,2,,,,,,,,,,,,,,0.0,1.06,3.33,2.3200000000000003,2.54,2.45,,,,17.66194
2025,01/27/2026,DET,DEN,Chaz Lanier,SG,2,,,,,,,,,,,,,,0.0,0.3,0.54,2.16,1.08,2.18,,,,14.175062
2025,01/27/2026,DET,DEN,Daniss Jenkins,PG,2,,,,,,,,,,,,,,0.0,1.95,3.11,3.86,5.25,4.65,,,,19.962877
2025,01/27/2026,DET,DEN,Duncan Robinson,SF,1,,,,,,,,,,,,,,0.0,3.1,6.59,3.31,8.559999999999999,5.09,,,,29.264439
2025,01/27/2026,DET,DEN,Isaac Jones,PF,2,,,,,,,,,,,,,,0.0,,,,,,,,,11.728368
2025,01/27/2026,DET,DEN,Isaiah Stewart,C,2,,,,,,,,,,,,,,0.0,2.33,4.27,2.91,6.63,3.5,,,,22.303408
2025,01/27/2026,DET,DEN,Jaden Ivey,SG,2,,,,,,,,,,,,,,0.0,1.6800000000000002,3.87,2.87,4.47,4.25,,,,16.75295
2025,01/27/2026,DET,DEN,Jalen Duren,C,1,,,,,,,,,,,,,,0.0,4.699999999999999,6.88,4.0,10.88,5.97,,,,29.063293
2025,01/27/2026,DET,DEN,Javonte Green,SG,2,,,,,,,,,,,,,,0.0,0.73,1.71,3.54,2.95,5.56,,,,18.019583
2025,01/27/2026,DET,DEN,Marcus Sasser,PG,2,,,,,,,,,,,,,,0.0,0.62,2.05,3.08,1.96,3.94,,,,16.439642
2025,01/27/2026,DET,DEN,Paul Reed,C,2,,,,,,,,,,,,,,0.0,1.01,2.14,2.43,2.35,2.98,,,,14.033222
2025,01/27/2026,DET,DEN,Ron Holland,SF,2,,,,,,,,,,,,,,0.0,1.28,2.42,4.31,3.63,5.33,,,,20.960995
2025,01/27/2026,DET,DEN,Tobias Harris,PF,1,,,,,,,,,,,,,,0.0,3.07,5.890000000000001,4.640000000000001,7.43,5.029999999999999,,,,32.12663
2025,01/27/2026,DET,DEN,Tolu Smith,PF,2,,,,,,,,,,,,,,0.0,0.625,1.3749999999999998,1.375,2.25,2.125,,,,15.076259
2025,01/27/2026,DET,DEN,Wendell Moore Jr.,SG,2,,,,,,,,,,,,,,0.0,0.6666666666666666,1.0,1.0,1.3333333333333333,0.6666666666666666,,,,14.707476
2025,01/27/2026,LAC,UTA,Bogdan Bogdanovic,SG,2,,,,,,,,,,,,,,0.0,0.8400000000000001,2.5700000000000003,3.83,2.42,3.39,,,,20.73317
2025,01/27/2026,LAC,UTA,Bradley Beal,SG,2,,,,,,,,,,,,,,0.0,1.6249999999999998,6.000000000000001,3.25,4.25,4.875,,,,17.4459
2025,01/27/2026,LAC,UTA,Brook Lopez,C,2,,,,,,,,,,,,,,0.0,1.12,3.16,1.83,2.76,2.05,,,,16.622948
2025,01/27/2026,LAC,UTA,Cam Christie,SG,2,,,,,,,,,,,,,,0.0,0.6499999999999999,1.13,1.75,1.41,3.25,,,,14.994177
2025,01/27/2026,LAC,UTA,Chris Paul,PG,2,,,,,,,,,,,,,,0.0,0.4499999999999999,1.72,1.98,1.12,2.34,,,,13.216659
2025,01/27/2026,LAC,UTA,Derrick Jones Jr.,SF,2,,,,,,,,,,,,,,0.0,2.43,4.18,2.33,6.1,3.52,,,,19.402067
2025,01/27/2026,LAC,UTA,Ivica Zubac,C,1,,,,,,,,,,,,,,0.0,3.19,5.56,3.66,7.28,6.359999999999999,,,,33.70697
2025,01/27/2026,LAC,UTA,James Harden,PG,1,,,,,,,,,,,,,,0.0,3.72,11.04,7.59,13.239999999999998,10.63,,,,37.861984
2025,01/27/2026,LAC,UTA,John Collins,PF,1,,,,,,,,,,,,,,0.0,3.73,5.83,3.9,8.6,7.52,,,,30.818424
2025,01/27/2026,LAC,UTA,Jordan Miller,SF,2,,,,,,,,,,,,,,0.0,2.05,3.61,5.46,5.69,8.209999999999999,,,,24.203178
2025,01/27/2026,LAC,UTA,Kawhi Leonard,SF,1,,,,,,,,,,,,,,0.0,5.109999999999999,9.52,9.64,14.81,14.02,,,,32.88296
2025,01/27/2026,LAC,UTA,Kobe Brown,PF,2,,,,,,,,,,,,,,0.0,0.0,0.16,1.48,0.0,1.22,,,,10.518523
2025,01/27/2026,LAC,UTA,Kobe Sanders,SG,2,,,,,,,,,,,,,,0.0,1.91,3.3,3.3,4.970000000000001,3.15,,,,22.892097
2025,01/27/2026,LAC,UTA,Kris Dunn,PG,1,,,,,,,,,,,,,,0.0,1.54,3.49,1.25,3.7,1.97,,,,30.983532
2025,01/27/2026,LAC,UTA,Nicolas Batum,PF,2,,,,,,,,,,,,,,0.0,0.41,1.28,1.36,1.23,1.02,,,,19.105278
2025,01/27/2026,LAC,UTA,TyTy Washington Jr.,PG,2,,,,,,,,,,,,,,0.0,,,,,,,,,13.675451
2025,01/27/2026,LAC,UTA,Yanic Konan Niederhauser,C,2,,,,,,,,,,,,,,0.0,0.56,0.74,2.23,1.62,3.6,,,,14.322548
2025,01/27/2026,MIL,PHI,A.J. Green,SG,2,,,,,,,,,,,,,,0.0,1.5099999999999998,3.85,4.699999999999999,4.529999999999999,6.879999999999999,,,,29.713575
2025,01/27/2026,MIL,PHI,Alex Antetokounmpo,SF,2,,,,,,,,,,,,,,0.0,,,,,,,,,18.405235
2025,01/27/2026,MIL,PHI,Amir Coffey,SG,2,,,,,,,,,,,,,,0.0,0.32,1.12,1.79,0.8,2.68,,,,15.168364
2025,01/27/2026,MIL,PHI,Andre Jackson Jr.,SG,2,,,,,,,,,,,,,,0.0,0.0,0.0,2.2,0.0,2.63,,,,13.425258
2025,01/27/2026,MIL,PHI,Bobby Portis,PF,1,,,,,,,,,,,,,,0.0,3.1,5.73,6.029999999999999,7.52,6.25,,,,31.969856
2025,01/27/2026,MIL,PHI,Cole Anthony,PG,2,,,,,,,,,,,,,,0.0,1.28,1.82,3.19,3.2,3.54,,,,20.61688
2025,01/27/2026,MIL,PHI,Gary Harris,SG,2,,,,,,,,,,,,,,0.0,0.57,1.33,0.6,2.13,0.8099999999999999,,,,19.209606
2025,01/27/2026,MIL,PHI,Gary Trent Jr.,SG,2,,,,,,,,,,,,,,0.0,0.74,2.25,1.96,2.16,1.56,,,,17.594862
2025,01/27/2026,MIL,PHI,Giannis Antetokounmpo,PF,2,,,,,,,,,,,,,,0.0,4.26,6.44,6.37,12.35,11.81,,,,29.703331
2025,01/27/2026,MIL,PHI,Jericho Sims,C,2,,,,,,,,,,,,,,0.0,0.47,0.53,0.48,1.0,1.0,,,,14.969724
2025,01/27/2026,MIL,PHI,Kevin Porter Jr.,PG,2,,,,,,,,,,,,,,0.0,2.71,6.49,5.18,6.7,5.38,,,,25.137577
2025,01/27/2026,MIL,PHI,Kyle Kuzma,PF,1,,,,,,,,,,,,,,0.0,1.51,5.01,4.57,4.19,6.29,,,,32.143784
2025,01/27/2026,MIL,PHI,Myles Turner,C,1,,,,,,,,,,,,,,0.0,2.54,5.859999999999999,3.14,6.94,5.359999999999999,,,,30.152817
2025,01/27/2026,MIL,PHI,Pete Nance,PF,2,,,,,,,,,,,,,,0.0,0.48,1.12,1.56,1.28,2.35,,,,17.674828
2025,01/27/2026,MIL,PHI,Ryan Rollins,PG,1,,,,,,,,,,,,,,0.0,2.12,6.4,6.44,5.59,7.62,,,,33.236835
2025,01/27/2026,MIL,PHI,Taurean Prince,SF,2,,,,,,,,,,,,,,0.0,1.1249999999999998,2.75,1.7499999999999998,3.125,1.375,,,,18.182545
2025,01/27/2026,MIL,PHI,Thanasis Antetokounmpo,SF,2,,,,,,,,,,,,,,0.0,0.0,0.0,1.27,0.0,1.6,,,,8.768426
2025,01/27/2026,NOP,OKC,Bryce McGowens,SG,2,,,,,,,,,,,,,,0.0,1.44,3.29,1.5499999999999998,4.449999999999999,1.63,,,,17.478422
2025,01/27/2026,NOP,OKC,DeAndre Jordan,C,2,,,,,,,,,,,,,,0.0,,,,,,,,,10.958612
2025,01/27/2026,NOP,OKC,Dejounte Murray,PG,2,,,,,,,,,,,,,,0.0,,,,,,,,,14.147533
2025,01/27/2026,NOP,OKC,Derik Queen,C,1,,,,,,,,,,,,,,0.0,1.9,3.64,4.31,4.18,4.369999999999999,,,,27.545698
2025,01/27/2026,NOP,OKC,Herbert Jones,SF,1,,,,,,,,,,,,,,0.0,1.58,5.06,2.83,3.84,2.8600000000000003,,,,30.165125
2025,01/27/2026,NOP,OKC,Hunter Dickinson,C,2,,,,,,,,,,,,,,0.0,,,,,,,,,11.974499
2025,01/27/2026,NOP,OKC,Jeremiah Fears,PG,2,,,,,,,,,,,,,,0.0,1.88,4.779999999999999,4.68,5.08,5.92,,,,22.864077
2025,01/27/2026,NOP,OKC,Jordan Hawkins,SG,2,,,,,,,,,,,,,,0.0,0.88,2.8200000000000003,1.17,2.54,0.3399999999999999,,,,15.423413
2025,01/27/2026,NOP,OKC,Jordan Poole,PG,2,,,,,,,,,,,,,,0.0,1.88,5.35,4.59,5.220000000000001,5.04,,,,22.904907
2025,01/27/2026,NOP,OKC,Jose Alvarado,PG,2,,,,,,,,,,,,,,0.0,0.76,2.43,3.05,1.95,3.52,,,,19.216537
2025,01/27/2026,NOP,OKC,Karlo Matkovic,PF,2,,,,,,,,,,,,,,0.0,1.12,1.79,1.17,2.79,1.63,,,,15.085118
2025,01/27/2026,NOP,OKC,Kevon Looney,C,2,,,,,,,,,,,,,,0.0,0.51,0.96,1.48,1.34,1.42,,,,12.94716
2025,01/27/2026,NOP,OKC,Micah Peavy,SG,2,,,,,,,,,,,,,,0.0,1.22,2.76,3.64,2.88,3.01,,,,18.719131
2025,01/27/2026,NOP,OKC,Saddiq Bey,SF,1,,,,,,,,,,,,,,0.0,3.33,6.16,7.01,9.78,11.71,,,,31.308792
2025,01/27/2026,NOP,OKC,Trey Alexander,SG,2,,,,,,,,,,,,,,0.0,0.3749999999999999,0.8749999999999999,0.5,1.0,0.7499999999999999,,,,13.1003
2025,01/27/2026,NOP,OKC,Trey Murphy III,SF,1,,,,,,,,,,,,,,0.0,4.1,8.969999999999999,10.25,11.82,13.25,,,,36.15602
2025,01/27/2026,NOP,OKC,Yves Missi,C,2,,,,,,,,,,,,,,0.0,1.99,3.67,3.18,4.46,2.4799999999999995,,,,22.756224
2025,01/27/2026,NOP,OKC,Zion Williamson,PF,1,,,,,,,,,,,,,,0.0,4.74,7.859999999999999,5.869999999999999,11.69,8.52,,,,30.990166
2025,01/27/2026,NYK,SAC,Ariel Hukporti,C,2,,,,,,,,,,,,,,0.0,0.3,0.48,0.77,0.7100000000000001,1.38,,,,10.665122
2025,01/27/2026,NYK,SAC,Dillon Jones,SF,2,,,,,,,,,,,,,,0.0,,,,,,,,,9.851635
2025,01/27/2026,NYK,SAC,Guerschon Yabusele,C,2,,,,,,,,,,,,,,0.0,0.28,1.14,0.76,0.56,0.84,,,,11.471988
2025,01/27/2026,NYK,SAC,Jalen Brunson,PG,1,,,,,,,,,,,,,,0.0,4.84,10.079999999999998,8.5,12.69,10.27,,,,34.478485
2025,01/27/2026,NYK,SAC,Jordan Clarkson,SG,2,,,,,,,,,,,,,,0.0,1.48,3.88,2.92,4.31,1.99,,,,17.49634
2025,01/27/2026,NYK,SAC,Josh Hart,SF,1,,,,,,,,,,,,,,0.0,2.18,4.24,3.8,5.82,4.25,,,,34.57208
2025,01/27/2026,NYK,SAC,Karl-Anthony Towns,C,1,,,,,,,,,,,,,,0.0,3.17,6.31,5.55,9.63,6.569999999999999,,,,32.59423
2025,01/27/2026,NYK,SAC,Kevin McCullar Jr.,SF,2,,,,,,,,,,,,,,0.0,0.4,0.95,0.87,1.09,0.76,,,,10.179548
2025,01/27/2026,NYK,SAC,Landry Shamet,SG,2,,,,,,,,,,,,,,0.0,1.06,3.24,3.74,3.52,7.409999999999999,,,,21.122293
2025,01/27/2026,NYK,SAC,Mikal Bridges,SF,1,,,,,,,,,,,,,,0.0,2.67,6.44,5.83,6.67,5.989999999999999,,,,35.621628
2025,01/27/2026,NYK,SAC,Miles McBride,SG,2,,,,,,,,,,,,,,0.0,2.19,6.25,5.97,5.89,7.949999999999999,,,,24.374603
2025,01/27/2026,NYK,SAC,Mitchell Robinson,C,2,,,,,,,,,,,,,,0.0,1.86,2.47,1.57,3.88,2.43,,,,20.130302
2025,01/27/2026,NYK,SAC,Mohamed Diawara,SF,2,,,,,,,,,,,,,,0.0,0.16,0.32,1.35,0.48,1.44,,,,5.305068
2025,01/27/2026,NYK,SAC,OG Anunoby,PF,1,,,,,,,,,,,,,,0.0,3.14,5.98,5.47,8.02,7.699999999999999,,,,35.305115
2025,01/27/2026,NYK,SAC,P.J. Tucker,F,2,,,,,,,,,,,,,,0.0,,,,,,,,,13.152225
2025,01/27/2026,NYK,SAC,Pacome Dadiet,SG,2,,,,,,,,,,,,,,0.0,0.0,0.12,0.16,0.0,0.44,,,,5.8194075
2025,01/27/2026,NYK,SAC,Trey Jemison,C,2,,,,,,,,,,,,,,0.0,0.0,0.0,0.7499999999999999,0.0,1.7499999999999998,,,,9.003193
2025,01/27/2026,NYK,SAC,Tyler Kolek,PG,2,,,,,,,,,,,,,,0.0,0.62,1.56,2.8200000000000003,1.36,2.51,,,,13.850214
2025,01/27/2026,OKC,NOP,Aaron Wiggins,SG,1,,,,,,,,,,,,,,0.0,1.82,3.8,4.640000000000001,4.73,5.93,,,,29.777184
2025,01/27/2026,OKC,NOP,Ajay Mitchell,SG,2,,,,,,,,,,,,,,0.0,3.31,6.18,4.5,8.1,5.8,,,,24.22148
2025,01/27/2026,OKC,NOP,Alex Caruso,SG,2,,,,,,,,,,,,,,0.0,1.08,3.27,1.82,3.0,2.88,,,,20.467659
2025,01/27/2026,OKC,NOP,Branden Carlson,C,2,,,,,,,,,,,,,,0.0,1.0699999999999998,2.47,2.12,2.43,2.37,,,,14.750727
2025,01/27/2026,OKC,NOP,Brooks Barnhizer,SG,2,,,,,,,,,,,,,,0.0,0.0,0.3299999999999999,0.66,0.0,0.78,,,,9.340708
2025,01/27/2026,OKC,NOP,Cason Wallace,SG,2,,,,,,,,,,,,,,0.0,1.15,2.71,2.95,3.77,2.56,,,,23.758987
2025,01/27/2026,OKC,NOP,Chet Holmgren,PF,1,,,,,,,,,,,,,,0.0,2.78,5.13,6.23,8.149999999999999,8.33,,,,31.212133
2025,01/27/2026,OKC,NOP,Chris Youngblood,SG,2,,,,,,,,,,,,,,0.0,0.0,0.0,1.56,0.0,2.13,,,,7.292242
2025,01/27/2026,OKC,NOP,Isaiah Hartenstein,C,2,,,,,,,,,,,,,,0.0,2.01,3.79,2.78,4.8,3.81,,,,20.951246
2025,01/27/2026,OKC,NOP,Isaiah Joe,SG,2,,,,,,,,,,,,,,0.0,1.64,4.16,2.3200000000000003,5.04,3.1,,,,22.41117
2025,01/27/2026,OKC,NOP,Jalen Williams,SG,2,,,,,,,,,,,,,,0.0,2.85,6.51,5.640000000000001,7.26,7.880000000000001,,,,23.552094
2025,01/27/2026,OKC,NOP,Jaylin Williams,PF,1,,,,,,,,,,,,,,0.0,0.89,2.58,1.6800000000000002,2.7,2.24,,,,25.496971
2025,01/27/2026,OKC,NOP,Kenrich Williams,PF,2,,,,,,,,,,,,,,0.0,1.84,3.47,3.91,4.22,5.51,,,,21.631014
2025,01/27/2026,OKC,NOP,Luguentz Dort,SF,1,,,,,,,,,,,,,,0.0,2.21,4.859999999999999,3.24,6.29,3.75,,,,32.428387
2025,01/27/2026,OKC,NOP,Nikola Topic,PG,2,,,,,,,,,,,,,,0.0,,,,,,,,,18.175829
2025,01/27/2026,OKC,NOP,Ousmane Dieng,C,2,,,,,,,,,,,,,,0.0,0.78,0.94,2.6,2.24,2.49,,,,15.08828
2025,01/27/2026,OKC,NOP,Shai Gilgeous-Alexander,PG,1,,,,,,,,,,,,,,0.0,4.99,8.48,10.79,14.0,19.81,,,,36.183254
2025,01/27/2026,OKC,NOP,Thomas Sorber,C,2,,,,,,,,,,,,,,0.0,,,,,,,,,16.919926
2025,01/27/2026,PHI,MIL,Adem Bona,C,2,,,,,,,,,,,,,,0.0,0.4,0.52,1.49,1.48,2.01,,,,19.585356
2025,01/27/2026,PHI,MIL,Andre Drummond,C,2,,,,,,,,,,,,,,0.0,1.16,2.6100000000000003,2.66,2.44,3.2299999999999995,,,,15.101246
2025,01/27/2026,PHI,MIL,Dominick Barlow,PF,2,,,,,,,,,,,,,,0.0,1.56,3.0,2.16,4.109999999999999,3.1,,,,20.826633
2025,01/27/2026,PHI,MIL,Eric Gordon,SG,2,,,,,,,,,,,,,,0.0,1.0,1.875,2.25,2.75,3.5,,,,14.323631
2025,01/27/2026,PHI,MIL,Jabari Walker,PF,2,,,,,,,,,,,,,,0.0,0.4599999999999999,1.41,2.56,1.32,2.4,,,,16.028894
2025,01/27/2026,PHI,MIL,Jared McCain,SG,2,,,,,,,,,,,,,,0.0,0.73,2.12,2.14,1.69,3.5,,,,17.851305
2025,01/27/2026,PHI,MIL,Joel Embiid,C,1,,,,,,,,,,,,,,0.0,5.69,9.42,8.64,16.62,13.19,,,,34.032795
2025,01/27/2026,PHI,MIL,Johni Broome,C,2,,,,,,,,,,,,,,0.0,0.0,0.0,2.625,0.5,0.5,,,,12.932152
2025,01/27/2026,PHI,MIL,Justin Edwards,SF,2,,,,,,,,,,,,,,0.0,0.5,0.6799999999999999,1.58,1.46,1.66,,,,17.15002
2025,01/27/2026,PHI,MIL,Kelly Oubre Jr.,SF,1,,,,,,,,,,,,,,0.0,3.5700000000000003,6.55,4.279999999999999,9.21,6.22,,,,35.978035
2025,01/27/2026,PHI,MIL,Kyle Lowry,PG,2,,,,,,,,,,,,,,0.0,0.125,0.4999999999999999,0.8749999999999999,0.3749999999999999,0.0,,,,13.051491
2025,01/27/2026,PHI,MIL,MarJon Beauchamp,SF,2,,,,,,,,,,,,,,0.0,,,,,,,,,14.4176655
2025,01/27/2026,PHI,MIL,Paul George,PF,1,,,,,,,,,,,,,,0.0,2.8999999999999995,6.25,5.140000000000001,8.45,4.55,,,,32.217113
2025,01/27/2026,PHI,MIL,Quentin Grimes,SG,2,,,,,,,,,,,,,,0.0,1.35,3.3,3.44,3.92,4.13,,,,27.192415
2025,01/27/2026,PHI,MIL,Trendon Watford,PF,2,,,,,,,,,,,,,,0.0,0.6,1.57,1.04,1.42,0.6599999999999999,,,,17.967964
2025,01/27/2026,PHI,MIL,Tyrese Maxey,PG,1,,,,,,,,,,,,,,0.0,3.74,9.1,10.79,10.11,12.54,,,,39.639153
2025,01/27/2026,PHI,MIL,VJ Edgecombe,SG,1,,,,,,,,,,,,,,0.0,2.51,6.39,3.93,6.85,5.029999999999999,,,,36.546967
2025,01/27/2026,PHO,BRK,Collin Gillespie,PG,2,,,,,,,,,,,,,,0.0,1.82,4.289999999999999,4.99,5.54,7.27,,,,27.848604
2025,01/27/2026,PHO,BRK,Devin Booker,SG,2,,,,,,,,,,,,,,0.0,4.209999999999999,9.7,9.27,12.86,12.59,,,,27.922104
2025,01/27/2026,PHO,BRK,Dillon Brooks,SF,1,,,,,,,,,,,,,,0.0,3.97,9.34,7.840000000000001,11.05,5.65,,,,32.83718
2025,01/27/2026,PHO,BRK,Grayson Allen,SG,1,,,,,,,,,,,,,,0.0,3.07,6.3,7.85,9.91,7.33,,,,31.984062
2025,01/27/2026,PHO,BRK,Isaiah Livers,PF,2,,,,,,,,,,,,,,0.0,0.6,1.11,0.77,1.3199999999999998,1.5699999999999998,,,,15.1520815
2025,01/27/2026,PHO,BRK,Jalen Green,SG,2,,,,,,,,,,,,,,0.0,1.3333333333333333,3.6666666666666665,2.0,4.333333333333333,1.6666666666666667,,,,19.096088
2025,01/27/2026,PHO,BRK,Jamaree Bouyea,PG,2,,,,,,,,,,,,,,0.0,1.0699999999999998,2.62,3.62,2.76,4.44,,,,16.999044
2025,01/27/2026,PHO,BRK,Jordan Goodwin,PG,1,,,,,,,,,,,,,,0.0,1.2999999999999998,2.63,4.15,3.38,3.27,,,,27.318966
2025,01/27/2026,PHO,BRK,Khaman Maluach,C,2,,,,,,,,,,,,,,0.0,0.0,0.0,1.02,0.0,1.12,,,,6.5753155
2025,01/27/2026,PHO,BRK,Koby Brea,SG,2,,,,,,,,,,,,,,0.0,,,,,,,,,11.601994
2025,01/27/2026,PHO,BRK,Mark Williams,C,1,,,,,,,,,,,,,,0.0,1.7999999999999998,3.41,2.95,4.27,5.75,,,,27.184452
2025,01/27/2026,PHO,BRK,Nick Richards,C,2,,,,,,,,,,,,,,0.0,0.4,1.42,0.94,0.8600000000000001,1.08,,,,10.05541
2025,01/27/2026,PHO,BRK,Nigel Hayes-Davis,SF,2,,,,,,,,,,,,,,0.0,0.06,0.18,1.36,0.12,1.11,,,,12.667715
2025,01/27/2026,PHO,BRK,Oso Ighodaro,PF,2,,,,,,,,,,,,,,0.0,1.58,2.63,2.04,3.71,2.9,,,,22.580275
2025,01/27/2026,PHO,BRK,Rasheer Fleming,PF,2,,,,,,,,,,,,,,0.0,0.6,1.72,1.22,1.26,0.78,,,,9.600828
2025,01/27/2026,PHO,BRK,Royce O'Neale,SF,1,,,,,,,,,,,,,,0.0,1.39,4.24,3.47,4.109999999999999,5.44,,,,30.248356
2025,01/27/2026,PHO,BRK,Ryan Dunn,SF,2,,,,,,,,,,,,,,0.0,1.0699999999999998,2.0700000000000003,1.99,2.77,1.6,,,,18.542797
2025,01/27/2026,POR,WAS,Blake Wesley,SG,2,,,,,,,,,,,,,,0.0,1.6249999999999998,3.375,2.25,4.0,2.0,,,,14.978585
2025,01/27/2026,POR,WAS,Caleb Love,SG,2,,,,,,,,,,,,,,0.0,2.35,6.02,7.709999999999999,6.550000000000001,7.93,,,,26.188854
2025,01/27/2026,POR,WAS,Damian Lillard,PG,2,,,,,,,,,,,,,,0.0,,,,,,,,,13.38625
2025,01/27/2026,POR,WAS,Deni Avdija,SF,1,,,,,,,,,,,,,,0.0,5.07,10.22,7.01,16.26,10.85,,,,32.411613
2025,01/27/2026,POR,WAS,Donovan Clingan,C,1,,,,,,,,,,,,,,0.0,1.67,4.42,4.529999999999999,4.25,7.319999999999999,,,,27.85832
2025,01/27/2026,POR,WAS,Duop Reath,C,2,,,,,,,,,,,,,,0.0,0.16,1.46,0.94,0.8,1.94,,,,12.675868
2025,01/27/2026,POR,WAS,Javonte Cooke,SG,2,,,,,,,,,,,,,,0.0,0.54,1.91,0.96,1.24,0.63,,,,13.357202
2025,01/27/2026,POR,WAS,Jerami Grant,PF,2,,,,,,,,,,,,,,0.0,2.58,6.470000000000001,5.72,8.2,9.06,,,,27.384218
2025,01/27/2026,POR,WAS,Jrue Holiday,PG,1,,,,,,,,,,,,,,0.0,2.3200000000000003,5.51,5.9,6.0,8.09,,,,29.1518
2025,01/27/2026,POR,WAS,Kris Murray,SF,2,,,,,,,,,,,,,,0.0,0.7,2.83,2.97,2.61,4.54,,,,20.901318
2025,01/27/2026,POR,WAS,Matisse Thybulle,SG,2,,,,,,,,,,,,,,0.0,1.3333333333333333,1.3333333333333333,1.3333333333333333,4.0,2.0,,,,13.557958
2025,01/27/2026,POR,WAS,Rayan Rupert,SG,2,,,,,,,,,,,,,,0.0,0.29,1.95,1.85,1.26,1.56,,,,16.090935
2025,01/27/2026,POR,WAS,Robert Williams,C,2,,,,,,,,,,,,,,0.0,1.11,1.39,1.54,2.92,3.09,,,,17.135183
2025,01/27/2026,POR,WAS,Scoot Henderson,PG,2,,,,,,,,,,,,,,0.0,,,,,,,,,16.00632
2025,01/27/2026,POR,WAS,Shaedon Sharpe,SG,1,,,,,,,,,,,,,,0.0,3.56,9.08,9.11,9.37,11.83,,,,31.720789
2025,01/27/2026,POR,WAS,Sidy Cissoko,SF,2,,,,,,,,,,,,,,0.0,1.17,2.52,2.38,4.1,2.02,,,,22.372463
2025,01/27/2026,POR,WAS,Toumani Camara,PF,1,,,,,,,,,,,,,,0.0,2.93,5.43,4.75,8.059999999999999,6.819999999999999,,,,33.578117
2025,01/27/2026,POR,WAS,Yang Hansen,C,2,,,,,,,,,,,,,,0.0,0.22,1.0499999999999998,1.29,0.5,1.09,,,,9.598361
2025,01/27/2026,SAC,NYK,Daeqwon Plowden,SG,2,,,,,,,,,,,,,,0.0,,,,,,,,,11.665909
2025,01/27/2026,SAC,NYK,Dario Saric,C,2,,,,,,,,,,,,,,0.0,0.0,0.4999999999999999,0.4999999999999999,0.25,0.3749999999999999,,,,12.369614
2025,01/27/2026,SAC,NYK,DeMar DeRozan,PF,1,,,,,,,,,,,,,,0.0,3.0,4.949999999999999,7.5,8.77,9.82,,,,35.758095
2025,01/27/2026,SAC,NYK,Dennis Schroder,PG,2,,,,,,,,,,,,,,0.0,2.2,4.47,5.09,6.58,6.359999999999999,,,,24.165823
2025,01/27/2026,SAC,NYK,Devin Carter,PG,2,,,,,,,,,,,,,,0.0,0.12,0.42,2.73,0.3,3.21,,,,12.605785
2025,01/27/2026,SAC,NYK,Domantas Sabonis,C,1,,,,,,,,,,,,,,0.0,4.08,6.54,3.65,10.3,4.85,,,,33.935543
2025,01/27/2026,SAC,NYK,Doug McDermott,SF,2,,,,,,,,,,,,,,0.0,0.4999999999999999,2.0,1.4999999999999998,1.4999999999999998,1.4999999999999998,,,,10.302592
2025,01/27/2026,SAC,NYK,Drew Eubanks,C,2,,,,,,,,,,,,,,0.0,1.22,2.52,0.7,2.78,1.34,,,,10.720206
2025,01/27/2026,SAC,NYK,Dylan Cardwell,C,2,,,,,,,,,,,,,,0.0,1.17,1.57,2.48,2.56,3.06,,,,21.844631
2025,01/27/2026,SAC,NYK,Isaiah Stevens,PG,2,,,,,,,,,,,,,,0.0,,,,,,,,,13.539611
2025,01/27/2026,SAC,NYK,Keegan Murray,PF,2,,,,,,,,,,,,,,0.0,3.33,7.51,5.619999999999999,8.27,4.859999999999999,,,,25.816664
2025,01/27/2026,SAC,NYK,Keon Ellis,SG,2,,,,,,,,,,,,,,0.0,0.85,1.54,2.76,2.27,3.22,,,,20.598064
2025,01/27/2026,SAC,NYK,Malik Monk,SG,2,,,,,,,,,,,,,,0.0,3.81,6.19,5.17,9.78,6.77,,,,24.58628
2025,01/27/2026,SAC,NYK,Maxime Raynaud,C,2,,,,,,,,,,,,,,0.0,1.37,3.79,2.58,2.85,2.88,,,,20.19474
2025,01/27/2026,SAC,NYK,Nique Clifford,SG,1,,,,,,,,,,,,,,0.0,1.75,3.7,2.74,3.95,2.1,,,,25.933424
2025,01/27/2026,SAC,NYK,Precious Achiuwa,C,1,,,,,,,,,,,,,,0.0,1.97,3.4,2.09,4.24,3.26,,,,27.028418
2025,01/27/2026,SAC,NYK,Russell Westbrook,SF,1,,,,,,,,,,,,,,0.0,3.15,6.79,7.24,9.28,8.89,,,,32.10374
2025,01/27/2026,SAC,NYK,Zach LaVine,SG,2,,,,,,,,,,,,,,0.0,3.33,6.800000000000001,5.75,9.61,7.469999999999999,,,,27.510052
2025,01/27/2026,UTA,LAC,Ace Bailey,SF,1,,,,,,,,,,,,,,0.0,3.2299999999999995,6.63,5.449999999999999,7.54,6.3,,,,29.733374
2025,01/27/2026,UTA,LAC,Brice Sensabaugh,SF,2,,,,,,,,,,,,,,0.0,3.03,5.62,8.49,9.68,9.919999999999998,,,,22.863083
2025,01/27/2026,UTA,LAC,Cody Williams,SG,1,,,,,,,,,,,,,,0.0,2.02,3.65,3.38,4.32,4.44,,,,26.191875
2025,01/27/2026,UTA,LAC,Elijah Harkless,SG,2,,,,,,,,,,,,,,0.0,0.125,0.3749999999999999,0.25,0.3749999999999999,1.625,,,,13.778598
2025,01/27/2026,UTA,LAC,Georges Niang,PF,2,,,,,,,,,,,,,,0.0,,,,,,,,,15.780807
2025,01/27/2026,UTA,LAC,Isaiah Collier,PG,1,,,,,,,,,,,,,,0.0,1.95,4.0,4.83,4.5,7.09,,,,28.433187
2025,01/27/2026,UTA,LAC,John Tonje,SG,2,,,,,,,,,,,,,,0.0,,,,,,,,,14.361947
2025,01/27/2026,UTA,LAC,Jusuf Nurkic,C,2,,,,,,,,,,,,,,0.0,2.7,6.0,7.34,6.0,11.05,,,,23.842672
2025,01/27/2026,UTA,LAC,Kevin Love,PF,1,,,,,,,,,,,,,,0.0,1.4,3.61,2.77,4.4,3.08,,,,25.348095
2025,01/27/2026,UTA,LAC,Keyonte George,PG,2,,,,,,,,,,,,,,0.0,4.1,9.82,7.729999999999999,12.419999999999998,13.489999999999998,,,,31.288477
2025,01/27/2026,UTA,LAC,Kyle Anderson,SF,2,,,,,,,,,,,,,,0.0,0.91,1.99,2.96,2.05,4.24,,,,20.699802
2025,01/27/2026,UTA,LAC,Kyle Filipowski,C,2,,,,,,,,,,,,,,0.0,2.02,3.96,3.37,5.3,4.14,,,,21.755772
2025,01/27/2026,UTA,LAC,Lauri Markkanen,PF,1,,,,,,,,,,,,,,0.0,5.19,10.18,9.44,14.56,13.85,,,,35.060997
2025,01/27/2026,UTA,LAC,Oscar Tshiebwe,C,2,,,,,,,,,,,,,,0.0,,,,,,,,,12.627709
2025,01/27/2026,UTA,LAC,Svi Mykhailiuk,SF,2,,,,,,,,,,,,,,0.0,1.5499999999999998,3.03,2.19,4.409999999999999,3.3,,,,20.605017
2025,01/27/2026,UTA,LAC,Taylor Hendricks,PF,2,,,,,,,,,,,,,,0.0,0.35,0.97,1.98,1.1,2.38,,,,15.101222
2025,01/27/2026,UTA,LAC,Walker Kessler,C,2,,,,,,,,,,,,,,0.0,3.5,4.749999999999999,3.5,8.874999999999998,5.999999999999999,,,,21.880716
2025,01/27/2026,UTA,LAC,Walter Clayton,PG,2,,,,,,,,,,,,,,0.0,1.0,3.35,3.02,2.76,4.33,,,,21.939434
2025,01/27/2026,WAS,POR,AJ Johnson,SG,2,,,,,,,,,,,,,,0.0,0.63,2.33,2.58,1.44,1.48,,,,12.425875
2025,01/27/2026,WAS,POR,Alex Sarr,C,2,,,,,,,,,,,,,,0.0,4.37,7.44,6.66,11.07,8.0,,,,28.349638
2025,01/27/2026,WAS,POR,Anthony Gill,PF,2,,,,,,,,,,,,,,0.0,0.06,0.12,0.72,0.18,0.8600000000000001,,,,12.461749
2025,01/27/2026,WAS,POR,Bilal Coulibaly,SG,1,,,,,,,,,,,,,,0.0,2.3,4.48,3.3600000000000003,6.56,3.88,,,,26.761393
2025,01/27/2026,WAS,POR,Bub Carrington,PG,2,,,,,,,,,,,,,,0.0,2.3,5.51,5.15,6.79,5.93,,,,27.190277
2025,01/27/2026,WAS,POR,Cam Whitmore,SF,2,,,,,,,,,,,,,,0.0,1.59,4.22,4.77,3.78,4.76,,,,15.394809
2025,01/27/2026,WAS,POR,Jamir Watkins,SG,2,,,,,,,,,,,,,,0.0,0.6599999999999999,2.13,1.26,1.99,1.94,,,,20.714342
2025,01/27/2026,WAS,POR,Justin Champagnie,SF,2,,,,,,,,,,,,,,0.0,2.24,3.92,3.4000000000000004,5.31,5.09,,,,22.195715
2025,01/27/2026,WAS,POR,Khris Middleton,SF,1,,,,,,,,,,,,,,0.0,2.26,6.1,3.74,6.07,3.82,,,,25.217802
2025,01/27/2026,WAS,POR,Kyshawn George,SF,1,,,,,,,,,,,,,,0.0,2.72,7.109999999999999,7.69,7.57,9.19,,,,30.543066
2025,01/27/2026,WAS,POR,Malaki Branham,SG,2,,,,,,,,,,,,,,0.0,0.56,1.57,2.04,1.62,3.36,,,,13.69039
2025,01/27/2026,WAS,POR,Marvin Bagley III,PF,2,,,,,,,,,,,,,,0.0,2.06,3.0,2.8999999999999995,5.59,4.08,,,,16.937647
2025,01/27/2026,WAS,POR,Sharife Cooper,PG,2,,,,,,,,,,,,,,0.0,0.0,0.0,0.5,0.0,0.7499999999999999,,,,11.770926
2025,01/27/2026,WAS,POR,Trae Young,PG,2,,,,,,,,,,,,,,0.0,,,,,,,,,19.300186
2025,01/27/2026,WAS,POR,Tre Johnson,SG,1,,,,,,,,,,,,,,0.0,2.67,6.75,7.02,7.959999999999999,8.08,,,,28.617281
2025,01/27/2026,WAS,POR,Tristan Vukcevic,C,2,,,,,,,,,,,,,,0.0,1.02,2.8,3.12,2.76,4.779999999999999,,,,14.526052
2025,01/27/2026,WAS,POR,Will Riley,SF,2,,,,,,,,,,,,,,0.0,1.3199999999999998,3.57,3.29,3.69,3.5,,,,18.257385
2025,01/28/2026,ATL,BOS,Asa Newell,PF,2,,,,,,,,,,,,,,0.0,0.77,1.67,2.15,1.87,2.76,,,,11.049711227416992
2025,01/28/2026,ATL,BOS,CJ McCollum,PG,2,,,,,,,,,,,,,,0.0,4.25,8.0,6.125,10.874999999999998,7.375,,,,25.967329025268555
2025,01/28/2026,ATL,BOS,Caleb Houstan,SF,2,,,,,,,,,,,,,,0.0,0.12,0.33999999999999997,1.1099999999999999,0.48,1.65,,,,10.685469627380371
2025,01/28/2026,ATL,BOS,Christian Koloko,C,2,,,,,,,,,,,,,,0.0,1.3333333333333333,1.6666666666666667,2.0,2.6666666666666665,3.6666666666666665,,,,16.718172073364258
2025,01/28/2026,ATL,BOS,Corey Kispert,SF,1,,,,,,,,,,,,,,0.0,1.4999999999999998,3.8749999999999996,3.2499999999999996,4.0,4.0,,,,24.66667366027832
2025,01/28/2026,ATL,BOS,Dyson Daniels,SG,1,,,,,,,,,,,,,,0.0,2.78,5.18,5.49,5.84,6.01,,,,35.14533233642578
2025,01/28/2026,ATL,BOS,Jalen Johnson,SF,1,,,,,,,,,,,,,,0.0,4.24,9.309999999999999,8.83,10.809999999999999,10.55,,,,36.84758758544922
2025,01/28/2026,ATL,BOS,Keaton Wallace,PG,2,,,,,,,,,,,,,,0.0,0.58,1.03,2.08,1.57,2.0700000000000003,,,,13.515491485595703
2025,01/28/2026,ATL,BOS,Kristaps Porzingis,C,2,,,,,,,,,,,,,,0.0,2.8099999999999996,6.619999999999999,4.93,8.31,6.42,,,,16.982234954833984
2025,01/28/2026,ATL,BOS,Luke Kennard,SG,2,,,,,,,,,,,,,,0.0,1.92,2.4899999999999998,2.87,5.42,4.9,,,,23.454235076904297
2025,01/28/2026,ATL,BOS,Mouhamed Gueye,PF,2,,,,,,,,,,,,,,0.0,0.62,2.12,2.4000000000000004,1.8599999999999999,2.87,,,,17.4185733795166
2025,01/28/2026,ATL,BOS,N'Faly Dante,C,2,,,,,,,,,,,,,,0.0,0.0,0.6666666666666666,0.6666666666666666,0.0,1.0,,,,10.27426815032959
2025,01/28/2026,ATL,BOS,Nickeil Alexander-Walker,SG,1,,,,,,,,,,,,,,0.0,2.71,7.1,7.359999999999999,8.919999999999998,9.78,,,,33.877197265625
2025,01/28/2026,ATL,BOS,Nikola Djurisic,SF,2,,,,,,,,,,,,,,0.0,,,,,,,,,20.484437942504883
2025,01/28/2026,ATL,BOS,Onyeka Okongwu,C,1,,,,,,,,,,,,,,0.0,3.0999999999999996,6.77,5.709999999999999,8.29,8.24,,,,33.97639083862305
2025,01/28/2026,ATL,BOS,RayJ Dennis,PG,2,,,,,,,,,,,,,,0.0,,,,,,,,,12.091434478759766
2025,01/28/2026,ATL,BOS,Vit Krejci,PG,2,,,,,,,,,,,,,,0.0,0.44999999999999996,2.09,1.85,1.19,2.0,,,,18.801542282104492
2025,01/28/2026,ATL,BOS,Zaccharie Risacher,SF,2,,,,,,,,,,,,,,0.0,1.96,4.5,5.1899999999999995,5.74,7.29,,,,19.246498107910156
2025,01/28/2026,BOS,ATL,Amari Williams,PF,1,,,,,,,,,,,,,,0.0,0.48,0.64,0.9199999999999999,1.34,0.9299999999999999,,,,25.026220321655273
2025,01/28/2026,BOS,ATL,Anfernee Simons,SG,2,,,,,,,,,,,,,,0.0,2.9099999999999997,7.16,6.29,7.619999999999999,6.58,,,,27.25717544555664
2025,01/28/2026,BOS,ATL,Baylor Scheierman,SG,2,,,,,,,,,,,,,,0.0,0.72,2.1399999999999997,1.29,2.06,1.7399999999999998,,,,18.767181396484375
2025,01/28/2026,BOS,ATL,Chris Boucher,PF,2,,,,,,,,,,,,,,0.0,0.25,0.625,1.7499999999999998,0.7499999999999999,1.7499999999999998,,,,11.251712799072266
2025,01/28/2026,BOS,ATL,Derrick White,SG,1,,,,,,,,,,,,,,0.0,2.5999999999999996,7.2,6.39,6.629999999999999,7.34,,,,35.620811462402344
2025,01/28/2026,BOS,ATL,Hugo Gonzalez,SF,2,,,,,,,,,,,,,,0.0,0.72,1.12,0.85,1.77,1.3399999999999999,,,,17.894969940185547
2025,01/28/2026,BOS,ATL,Jaylen Brown,SF,1,,,,,,,,,,,,,,0.0,5.6899999999999995,12.53,10.93,15.78,11.9,,,,36.3348503112793
2025,01/28/2026,BOS,ATL,Jayson Tatum,PF,2,,,,,,,,,,,,,,0.0,,,,,,,,,19.183923721313477
2025,01/28/2026,BOS,ATL,Jordan Walsh,PF,2,,,,,,,,,,,,,,0.0,0.55,1.28,1.4300000000000002,1.53,1.7,,,,14.99368667602539
2025,01/28/2026,BOS,ATL,Josh Minott,PF,2,,,,,,,,,,,,,,0.0,0.91,1.37,1.02,2.7199999999999998,0.8999999999999999,,,,13.463443756103516
2025,01/28/2026,BOS,ATL,Luka Garza,C,2,,,,,,,,,,,,,,0.0,1.75,3.14,2.81,4.82,3.26,,,,17.322551727294922
2025,01/28/2026,BOS,ATL,Max Shulga,SG,2,,,,,,,,,,,,,,0.0,,,,,,,,,15.098204612731934
2025,01/28/2026,BOS,ATL,Neemias Queta,C,2,,,,,,,,,,,,,,0.0,1.76,2.96,2.74,4.7299999999999995,4.22,,,,22.281333923339844
2025,01/28/2026,BOS,ATL,Payton Pritchard,PG,1,,,,,,,,,,,,,,0.0,2.72,6.58,6.68,7.02,9.45,,,,33.55438232421875
2025,01/28/2026,BOS,ATL,Ron Harper Jr.,SF,2,,,,,,,,,,,,,,0.0,0.0,0.5,1.625,0.0,2.0,,,,10.821435928344727
2025,01/28/2026,BOS,ATL,Sam Hauser,PF,1,,,,,,,,,,,,,,0.0,2.6999999999999997,5.18,4.63,7.869999999999999,6.16,,,,30.13788604736328
2025,01/28/2026,BOS,ATL,Xavier Tillman Sr.,C,2,,,,,,,,,,,,,,0.0,0.22,0.6599999999999999,1.1099999999999999,0.55,1.06,,,,10.417685508728027
2025,01/28/2026,CHI,IND,Ayo Dosunmu,SG,2,,,,,,,,,,,,,,0.0,3.25,6.17,4.95,8.32,6.87,,,,25.044153213500977
2025,01/28/2026,CHI,IND,Coby White,SG,1,,,,,,,,,,,,,,0.0,2.7399999999999998,5.92,7.22,8.84,10.489999999999998,,,,32.77166748046875
2025,01/28/2026,CHI,IND,Dalen Terry,SG,2,,,,,,,,,,,,,,0.0,0.72,1.38,1.65,2.06,1.8499999999999999,,,,11.653080940246582
2025,01/28/2026,CHI,IND,Emanuel Miller,PF,2,,,,,,,,,,,,,,0.0,0.625,1.0,1.625,1.4999999999999998,1.1249999999999998,,,,9.759954452514648
2025,01/28/2026,CHI,IND,Isaac Okoro,SG,1,,,,,,,,,,,,,,0.0,1.24,2.9,3.55,3.31,5.06,,,,26.423477172851562
2025,01/28/2026,CHI,IND,Jalen Smith,C,2,,,,,,,,,,,,,,0.0,2.8200000000000003,4.92,4.04,7.09,5.7299999999999995,,,,23.198707580566406
2025,01/28/2026,CHI,IND,Jevon Carter,PG,2,,,,,,,,,,,,,,0.0,0.48,1.02,1.69,1.44,1.85,,,,13.595714569091797
2025,01/28/2026,CHI,IND,Josh Giddey,PG,1,,,,,,,,,,,,,,0.0,2.8899999999999997,6.789999999999999,5.01,8.99,6.09,,,,31.821914672851562
2025,01/28/2026,CHI,IND,Julian Phillips,SF,2,,,,,,,,,,,,,,0.0,0.22999999999999998,0.58,0.9199999999999999,0.58,0.93,,,,10.188230514526367
2025,01/28/2026,CHI,IND,Kevin Huerter,SF,2,,,,,,,,,,,,,,0.0,1.51,3.54,3.69,3.8099999999999996,3.9799999999999995,,,,24.19647216796875
2025,01/28/2026,CHI,IND,Lachlan Olbrich,C,2,,,,,,,,,,,,,,0.0,0.0,0.29,0.16999999999999998,0.0,0.22,,,,11.737529754638672
2025,01/28/2026,CHI,IND,Matas Buzelis,PF,1,,,,,,,,,,,,,,0.0,2.8200000000000003,6.15,5.48,8.02,6.640000000000001,,,,28.754486083984375
2025,01/28/2026,CHI,IND,Nikola Vucevic,C,1,,,,,,,,,,,,,,0.0,3.34,6.46,6.8,7.949999999999999,9.23,,,,32.471717834472656
2025,01/28/2026,CHI,IND,Noa Essengue,PF,2,,,,,,,,,,,,,,0.0,,,,,,,,,11.289351463317871
2025,01/28/2026,CHI,IND,Patrick Williams,PF,2,,,,,,,,,,,,,,0.0,1.0499999999999998,2.05,2.6399999999999997,3.32,3.12,,,,17.840831756591797
2025,01/28/2026,CHI,IND,Tre Jones,PG,2,,,,,,,,,,,,,,0.0,1.8800000000000001,3.44,4.43,4.83,7.449999999999999,,,,24.166292190551758
2025,01/28/2026,CHI,IND,Yuki Kawamura,PG,2,,,,,,,,,,,,,,0.0,,,,,,,,,14.226912498474121
2025,01/28/2026,CHI,IND,Zach Collins,C,2,,,,,,,,,,,,,,0.0,2.13,4.199999999999999,2.74,5.48,4.99,,,,14.27977466583252
2025,01/28/2026,CHO,MEM,Antonio Reeves,SG,2,,,,,,,,,,,,,,0.0,0.25,0.625,1.0,0.7499999999999999,0.9999999999999999,,,,15.201940536499023
2025,01/28/2026,CHO,MEM,Brandon Miller,SF,1,,,,,,,,,,,,,,0.0,3.6799999999999997,8.01,6.48,10.62,11.37,,,,32.50595474243164
2025,01/28/2026,CHO,MEM,Collin Sexton,SG,2,,,,,,,,,,,,,,0.0,2.71,4.54,3.8999999999999995,7.279999999999999,5.81,,,,18.878400802612305
2025,01/28/2026,CHO,MEM,Grant Williams,PF,2,,,,,,,,,,,,,,0.0,0.625,2.8749999999999996,2.125,2.0,2.0,,,,19.279104232788086
2025,01/28/2026,CHO,MEM,Josh Green,SG,2,,,,,,,,,,,,,,0.0,0.56,1.58,2.1399999999999997,2.42,3.6599999999999997,,,,16.31001091003418
2025,01/28/2026,CHO,MEM,KJ Simpson,PG,2,,,,,,,,,,,,,,0.0,1.47,4.15,3.49,3.87,2.99,,,,18.168508529663086
2025,01/28/2026,CHO,MEM,Kon Knueppel,SF,1,,,,,,,,,,,,,,0.0,3.2799999999999994,6.33,5.449999999999999,8.98,6.890000000000001,,,,32.26012420654297
2025,01/28/2026,CHO,MEM,LaMelo Ball,PG,1,,,,,,,,,,,,,,0.0,3.13,8.879999999999999,6.68,8.43,7.609999999999999,,,,28.862743377685547
2025,01/28/2026,CHO,MEM,Liam McNeeley,SF,2,,,,,,,,,,,,,,0.0,0.56,1.1600000000000001,1.19,2.0,1.54,,,,13.612283706665039
2025,01/28/2026,CHO,MEM,Mason Plumlee,C,2,,,,,,,,,,,,,,0.0,0.72,0.72,0.54,2.0,0.33999999999999997,,,,10.712098121643066
2025,01/28/2026,CHO,MEM,Miles Bridges,PF,1,,,,,,,,,,,,,,0.0,3.0599999999999996,6.32,4.129999999999999,7.529999999999999,5.59,,,,31.909807205200195
2025,01/28/2026,CHO,MEM,Moussa Diabate,C,1,,,,,,,,,,,,,,0.0,1.94,2.5700000000000003,2.06,5.08,3.9,,,,28.984752655029297
2025,01/28/2026,CHO,MEM,PJ Hall,C,2,,,,,,,,,,,,,,0.0,1.625,2.2499999999999996,2.3749999999999996,3.75,3.75,,,,13.102286338806152
2025,01/28/2026,CHO,MEM,Pat Connaughton,SG,2,,,,,,,,,,,,,,0.0,0.0,0.0,0.98,0.0,1.27,,,,9.990128517150879
2025,01/28/2026,CHO,MEM,Ryan Kalkbrenner,C,2,,,,,,,,,,,,,,0.0,1.65,2.05,3.26,3.89,5.57,,,,20.806270599365234
2025,01/28/2026,CHO,MEM,Sion James,SG,2,,,,,,,,,,,,,,0.0,0.6599999999999999,1.62,2.2,1.94,1.76,,,,20.445404052734375
2025,01/28/2026,CHO,MEM,Tidjane Salaun,PF,2,,,,,,,,,,,,,,0.0,1.1600000000000001,1.6800000000000002,2.94,3.04,3.96,,,,18.14632225036621
2025,01/28/2026,CHO,MEM,Tre Mann,PG,2,,,,,,,,,,,,,,0.0,0.22999999999999998,0.81,3.49,0.58,5.01,,,,15.819282531738281
2025,01/28/2026,CLE,LAL,Chris Livingston,SF,2,,,,,,,,,,,,,,0.0,0.3333333333333333,0.6666666666666666,1.6666666666666667,1.0,2.0,,,,11.09018611907959
2025,01/28/2026,CLE,LAL,Chuma Okeke,F,2,,,,,,,,,,,,,,0.0,,,,,,,,,14.069086074829102
2025,01/28/2026,CLE,LAL,Craig Porter Jr.,PG,2,,,,,,,,,,,,,,0.0,0.95,2.79,2.0300000000000002,2.1799999999999997,2.38,,,,19.634456634521484
2025,01/28/2026,CLE,LAL,Darius Garland,PG,2,,,,,,,,,,,,,,0.0,4.1899999999999995,7.91,6.98,10.350000000000001,9.8,,,,22.40953254699707
2025,01/28/2026,CLE,LAL,De'Andre Hunter,SF,2,,,,,,,,,,,,,,0.0,1.73,5.4799999999999995,4.14,5.26,5.77,,,,22.930431365966797
2025,01/28/2026,CLE,LAL,Dean Wade,PF,1,,,,,,,,,,,,,,0.0,1.43,2.3899999999999997,1.52,3.8600000000000003,1.9,,,,27.620044708251953
2025,01/28/2026,CLE,LAL,Donovan Mitchell,SG,1,,,,,,,,,,,,,,0.0,4.7299999999999995,10.43,12.19,13.969999999999999,16.62,,,,34.88213348388672
2025,01/28/2026,CLE,LAL,Evan Mobley,PF,2,,,,,,,,,,,,,,0.0,5.01,8.84,6.31,11.45,7.17,,,,28.5002384185791
2025,01/28/2026,CLE,LAL,Jarrett Allen,C,1,,,,,,,,,,,,,,0.0,2.08,3.75,3.01,6.25,5.359999999999999,,,,30.396484375
2025,01/28/2026,CLE,LAL,Jaylon Tyson,SG,1,,,,,,,,,,,,,,0.0,2.7800000000000002,5.4799999999999995,6.22,8.1,8.219999999999999,,,,31.1683406829834
2025,01/28/2026,CLE,LAL,Larry Nance Jr.,PF,2,,,,,,,,,,,,,,0.0,0.5,1.28,1.27,1.12,1.4300000000000002,,,,14.39123821258545
2025,01/28/2026,CLE,LAL,Lonzo Ball,PG,2,,,,,,,,,,,,,,0.0,0.44999999999999996,1.5,1.65,1.47,1.7999999999999998,,,,19.564054489135742
2025,01/28/2026,CLE,LAL,Luke Travers,SG,2,,,,,,,,,,,,,,0.0,0.8099999999999999,2.26,0.97,1.9,0.93,,,,9.469135284423828
2025,01/28/2026,CLE,LAL,Max Strus,SF,2,,,,,,,,,,,,,,0.0,,,,,,,,,15.715052604675293
2025,01/28/2026,CLE,LAL,Nae'Qwan Tomlin,PF,2,,,,,,,,,,,,,,0.0,1.38,3.02,2.52,3.46,2.9,,,,20.918750762939453
2025,01/28/2026,CLE,LAL,Sam Merrill,SG,1,,,,,,,,,,,,,,0.0,2.02,4.97,4.279999999999999,6.91,7.119999999999999,,,,25.90296173095703
2025,01/28/2026,CLE,LAL,Thomas Bryant,C,2,,,,,,,,,,,,,,0.0,0.35,0.78,1.89,1.21,3.45,,,,11.464971542358398
2025,01/28/2026,CLE,LAL,Tyrese Proctor,PG,2,,,,,,,,,,,,,,0.0,1.04,1.49,1.4499999999999997,2.74,2.3,,,,13.898269653320312
2025,01/28/2026,DAL,MIN,Anthony Davis,PF,2,,,,,,,,,,,,,,0.0,4.49,9.35,7.98,11.16,8.66,,,,23.99252700805664
2025,01/28/2026,DAL,MIN,Brandon Williams,PG,2,,,,,,,,,,,,,,0.0,2.51,4.38,6.1899999999999995,6.44,9.3,,,,24.42792510986328
2025,01/28/2026,DAL,MIN,Caleb Martin,SF,1,,,,,,,,,,,,,,0.0,0.89,2.31,2.45,2.38,4.31,,,,26.403078079223633
2025,01/28/2026,DAL,MIN,Cooper Flagg,SF,2,,,,,,,,,,,,,,0.0,4.4799999999999995,8.57,6.99,10.55,6.619999999999999,,,,28.35063362121582
2025,01/28/2026,DAL,MIN,D'Angelo Russell,PG,2,,,,,,,,,,,,,,0.0,1.3699999999999999,3.41,2.28,3.3,3.02,,,,16.579389572143555
2025,01/28/2026,DAL,MIN,Daniel Gafford,C,1,,,,,,,,,,,,,,0.0,1.5499999999999998,2.11,1.95,3.54,2.86,,,,25.4254150390625
2025,01/28/2026,DAL,MIN,Dante Exum,PG,2,,,,,,,,,,,,,,0.0,,,,,,,,,13.930500984191895
2025,01/28/2026,DAL,MIN,Dereck Lively II,C,2,,,,,,,,,,,,,,0.0,0.125,0.625,1.4999999999999998,0.25,3.25,,,,13.497559547424316
2025,01/28/2026,DAL,MIN,Dwight Powell,C,2,,,,,,,,,,,,,,0.0,0.6699999999999999,1.42,0.83,2.05,2.41,,,,21.72530746459961
2025,01/28/2026,DAL,MIN,Jaden Hardy,SG,2,,,,,,,,,,,,,,0.0,1.1,3.0700000000000003,6.0600000000000005,2.75,7.39,,,,18.062631607055664
2025,01/28/2026,DAL,MIN,Klay Thompson,SF,2,,,,,,,,,,,,,,0.0,3.17,6.53,3.8099999999999996,9.28,4.17,,,,22.120939254760742
2025,01/28/2026,DAL,MIN,Kyrie Irving,SG,2,,,,,,,,,,,,,,0.0,,,,,,,,,13.880826950073242
2025,01/28/2026,DAL,MIN,Max Christie,SG,1,,,,,,,,,,,,,,0.0,3.85,7.9799999999999995,5.709999999999999,10.84,8.780000000000001,,,,32.466121673583984
2025,01/28/2026,DAL,MIN,Miles Kelly,PG,2,,,,,,,,,,,,,,0.0,0.37499999999999994,1.375,2.125,0.8749999999999999,2.2499999999999996,,,,15.759981155395508
2025,01/28/2026,DAL,MIN,Moussa Cisse,C,2,,,,,,,,,,,,,,0.0,1.1,1.91,1.47,2.6399999999999997,3.34,,,,17.542652130126953
2025,01/28/2026,DAL,MIN,Naji Marshall,SF,1,,,,,,,,,,,,,,0.0,3.56,6.83,6.84,9.68,11.219999999999999,,,,34.431697845458984
2025,01/28/2026,DAL,MIN,P.J. Washington,PF,1,,,,,,,,,,,,,,0.0,1.24,3.79,4.18,3.1500000000000004,5.619999999999999,,,,32.69370651245117
2025,01/28/2026,DAL,MIN,Ryan Nembhard,PG,2,,,,,,,,,,,,,,0.0,1.4,3.46,2.3,3.9799999999999995,1.65,,,,19.507978439331055
2025,01/28/2026,GSW,UTA,Al Horford,C,2,,,,,,,,,,,,,,0.0,2.05,4.2,2.24,5.55,1.87,,,,20.988590240478516
2025,01/28/2026,GSW,UTA,Brandin Podziemski,SG,1,,,,,,,,,,,,,,0.0,2.45,5.66,5.57,5.699999999999999,7.45,,,,30.11231803894043
2025,01/28/2026,GSW,UTA,Buddy Hield,SG,2,,,,,,,,,,,,,,0.0,0.5599999999999999,3.0,4.07,1.6300000000000001,7.32,,,,19.78654670715332
2025,01/28/2026,GSW,UTA,De'Anthony Melton,PG,2,,,,,,,,,,,,,,0.0,2.6100000000000003,5.87,5.51,6.83,7.5,,,,21.11806297302246
2025,01/28/2026,GSW,UTA,Draymond Green,PF,1,,,,,,,,,,,,,,0.0,1.21,4.31,3.11,3.3099999999999996,4.2299999999999995,,,,28.625808715820312
2025,01/28/2026,GSW,UTA,Gary Payton II,SG,2,,,,,,,,,,,,,,0.0,1.3499999999999999,2.4,1.46,3.1500000000000004,1.64,,,,15.690814971923828
2025,01/28/2026,GSW,UTA,Gui Santos,PF,2,,,,,,,,,,,,,,0.0,0.8200000000000001,2.15,3.04,2.1399999999999997,3.58,,,,16.922454833984375
2025,01/28/2026,GSW,UTA,Jimmy Butler,SF,2,,,,,,,,,,,,,,0.0,4.21,6.93,6.08,11.940000000000001,9.41,,,,23.73198699951172
2025,01/28/2026,GSW,UTA,Jonathan Kuminga,PF,2,,,,,,,,,,,,,,0.0,1.4499999999999997,3.92,3.6,3.8899999999999997,4.82,,,,20.330841064453125
2025,01/28/2026,GSW,UTA,LJ Cryer,PG,2,,,,,,,,,,,,,,0.0,0.0,0.0,1.6666666666666667,0.0,2.0,,,,12.296796798706055
2025,01/28/2026,GSW,UTA,Malevy Leons,SF,2,,,,,,,,,,,,,,0.0,0.0,0.0,1.6666666666666667,0.0,2.0,,,,12.45780086517334
2025,01/28/2026,GSW,UTA,Moses Moody,SG,1,,,,,,,,,,,,,,0.0,2.87,5.49,3.75,7.859999999999999,4.59,,,,26.789369583129883
2025,01/28/2026,GSW,UTA,Pat Spencer,PG,2,,,,,,,,,,,,,,0.0,0.16,1.3699999999999999,2.1399999999999997,0.48,2.74,,,,16.939102172851562
2025,01/28/2026,GSW,UTA,Quinten Post,PF,1,,,,,,,,,,,,,,0.0,1.5999999999999999,3.51,3.4899999999999998,4.14,4.07,,,,21.838211059570312
2025,01/28/2026,GSW,UTA,Seth Curry,SG,2,,,,,,,,,,,,,,0.0,,,,,,,,,11.486295700073242
2025,01/28/2026,GSW,UTA,Stephen Curry,PG,1,,,,,,,,,,,,,,0.0,3.8899999999999997,9.629999999999999,8.219999999999999,11.370000000000001,12.44,,,,32.29777145385742
2025,01/28/2026,GSW,UTA,Trayce Jackson-Davis,C,2,,,,,,,,,,,,,,0.0,0.27,0.49,1.95,0.6,2.73,,,,14.18048095703125
2025,01/28/2026,GSW,UTA,Will Richard,SG,2,,,,,,,,,,,,,,0.0,0.51,1.7399999999999998,3.61,1.14,3.09,,,,20.143531799316406
2025,01/28/2026,HOU,SAS,Aaron Holiday,PG,2,,,,,,,,,,,,,,0.0,0.43999999999999995,1.7,1.29,1.04,0.36,,,,14.303176879882812
2025,01/28/2026,HOU,SAS,Alperen Sengun,C,1,,,,,,,,,,,,,,0.0,3.9200000000000004,7.35,6.789999999999999,9.48,10.29,,,,35.13428497314453
2025,01/28/2026,HOU,SAS,Amen Thompson,PG,1,,,,,,,,,,,,,,0.0,3.5200000000000005,6.369999999999999,5.99,9.719999999999999,6.62,,,,37.46363067626953
2025,01/28/2026,HOU,SAS,Clint Capela,C,2,,,,,,,,,,,,,,0.0,0.6799999999999999,1.82,1.0699999999999998,1.52,1.54,,,,13.398923873901367
2025,01/28/2026,HOU,SAS,Dorian Finney-Smith,PF,2,,,,,,,,,,,,,,0.0,0.33999999999999997,1.73,1.95,0.96,2.6399999999999997,,,,18.62186050415039
2025,01/28/2026,HOU,SAS,Fred VanVleet,PG,2,,,,,,,,,,,,,,0.0,,,,,,,,,20.336668014526367
2025,01/28/2026,HOU,SAS,Isaiah Crawford,SF,2,,,,,,,,,,,,,,0.0,,,,,,,,,10.845222473144531
2025,01/28/2026,HOU,SAS,JD Davison,PG,2,,,,,,,,,,,,,,0.0,0.11,1.02,1.96,0.44,1.65,,,,10.739097595214844
2025,01/28/2026,HOU,SAS,Jabari Smith Jr.,PF,1,,,,,,,,,,,,,,0.0,3.0,6.98,5.84,7.609999999999999,6.859999999999999,,,,35.79314422607422
2025,01/28/2026,HOU,SAS,Jae'Sean Tate,SF,2,,,,,,,,,,,,,,0.0,0.5,1.0,0.7999999999999999,1.22,0.62,,,,12.379006385803223
2025,01/28/2026,HOU,SAS,Jeff Green,PF,2,,,,,,,,,,,,,,0.0,0.0,0.0,1.94,0.0,2.15,,,,5.3852128982543945
2025,01/28/2026,HOU,SAS,Josh Okogie,SG,1,,,,,,,,,,,,,,0.0,0.98,1.99,1.5,2.45,2.1,,,,26.848825454711914
2025,01/28/2026,HOU,SAS,Kevin Durant,SF,1,,,,,,,,,,,,,,0.0,4.609999999999999,9.01,9.850000000000001,13.52,14.14,,,,38.554595947265625
2025,01/28/2026,HOU,SAS,Reed Sheppard,SG,2,,,,,,,,,,,,,,0.0,2.02,6.68,5.699999999999999,5.43,7.15,,,,23.244136810302734
2025,01/28/2026,HOU,SAS,Steven Adams,C,2,,,,,,,,,,,,,,0.0,1.6800000000000002,2.58,1.44,4.21,1.23,,,,18.5511474609375
2025,01/28/2026,HOU,SAS,Tari Eason,PF,2,,,,,,,,,,,,,,0.0,2.77,5.6499999999999995,5.55,6.869999999999999,5.28,,,,22.191640853881836
2025,01/28/2026,HOU,SAS,Tristen Newton,SG,2,,,,,,,,,,,,,,0.0,,,,,,,,,13.793951034545898
2025,01/28/2026,IND,CHI,Aaron Nesmith,SF,1,,,,,,,,,,,,,,0.0,2.16,6.15,5.43,5.779999999999999,6.109999999999999,,,,30.942060470581055
2025,01/28/2026,IND,CHI,Andrew Nembhard,PG,1,,,,,,,,,,,,,,0.0,3.25,7.7299999999999995,5.35,8.43,8.59,,,,32.446327209472656
2025,01/28/2026,IND,CHI,Ben Sheppard,SG,2,,,,,,,,,,,,,,0.0,0.95,2.1100000000000003,2.15,2.75,2.34,,,,18.227935791015625
2025,01/28/2026,IND,CHI,Bennedict Mathurin,SF,2,,,,,,,,,,,,,,0.0,2.71,5.84,5.49,7.550000000000001,7.02,,,,22.253347396850586
2025,01/28/2026,IND,CHI,Ethan Thompson,SG,2,,,,,,,,,,,,,,0.0,0.18,0.96,2.13,0.97,1.8599999999999999,,,,17.917682647705078
2025,01/28/2026,IND,CHI,Isaiah Jackson,C,2,,,,,,,,,,,,,,0.0,0.63,1.6099999999999999,1.29,1.26,2.04,,,,15.933101654052734
2025,01/28/2026,IND,CHI,Jarace Walker,PF,1,,,,,,,,,,,,,,0.0,2.52,6.6499999999999995,3.4699999999999998,6.6,7.41,,,,28.91298484802246
2025,01/28/2026,IND,CHI,Jay Huff,C,2,,,,,,,,,,,,,,0.0,0.95,2.04,2.74,2.14,4.53,,,,18.393068313598633
2025,01/28/2026,IND,CHI,Johnny Furphy,SG,1,,,,,,,,,,,,,,0.0,1.51,3.5299999999999994,2.04,3.89,2.4699999999999998,,,,24.832908630371094
2025,01/28/2026,IND,CHI,Kam Jones,SG,2,,,,,,,,,,,,,,0.0,0.0,1.28,1.3599999999999999,0.0,1.02,,,,12.563608169555664
2025,01/28/2026,IND,CHI,Micah Potter,C,2,,,,,,,,,,,,,,0.0,0.74,2.0700000000000003,3.16,2.0,4.0,,,,21.354089736938477
2025,01/28/2026,IND,CHI,Obi Toppin,PF,2,,,,,,,,,,,,,,0.0,2.3333333333333335,6.333333333333333,3.6666666666666665,8.0,4.0,,,,18.622634887695312
2025,01/28/2026,IND,CHI,Pascal Siakam,PF,1,,,,,,,,,,,,,,0.0,4.89,9.129999999999999,11.459999999999999,12.43,12.42,,,,33.598140716552734
2025,01/28/2026,IND,CHI,Quenton Jackson,PG,2,,,,,,,,,,,,,,0.0,1.6099999999999999,2.99,2.3600000000000003,3.88,2.16,,,,15.756426811218262
2025,01/28/2026,IND,CHI,T.J. McConnell,PG,2,,,,,,,,,,,,,,0.0,2.4299999999999997,4.709999999999999,4.09,4.9799999999999995,4.459999999999999,,,,18.020776748657227
2025,01/28/2026,IND,CHI,Taelon Peter,SG,2,,,,,,,,,,,,,,0.0,0.0,0.16,1.6300000000000001,0.0,2.15,,,,8.28095817565918
2025,01/28/2026,IND,CHI,Tony Bradley,C,2,,,,,,,,,,,,,,0.0,0.98,2.17,1.31,2.02,2.65,,,,13.827527046203613
2025,01/28/2026,IND,CHI,Tyrese Haliburton,PG,2,,,,,,,,,,,,,,0.0,,,,,,,,,19.049762725830078
2025,01/28/2026,LAL,CLE,Adou Thiero,SF,2,,,,,,,,,,,,,,0.0,0.06,0.3,1.5100000000000002,0.24,1.2999999999999998,,,,7.433300971984863
2025,01/28/2026,LAL,CLE,Austin Reaves,SG,2,,,,,,,,,,,,,,0.0,3.6999999999999997,7.63,6.45,10.719999999999999,11.21,,,,25.088838577270508
2025,01/28/2026,LAL,CLE,Bronny James,SG,2,,,,,,,,,,,,,,0.0,0.0,0.16,0.73,0.0,0.8400000000000001,,,,7.733041286468506
2025,01/28/2026,LAL,CLE,Chris Manon,SG,2,,,,,,,,,,,,,,0.0,0.0,0.0,0.0,0.0,0.0,,,,10.116545677185059
2025,01/28/2026,LAL,CLE,Dalton Knecht,SF,2,,,,,,,,,,,,,,0.0,0.29,1.27,1.3599999999999999,0.81,1.3399999999999999,,,,12.835840225219727
2025,01/28/2026,LAL,CLE,Deandre Ayton,C,1,,,,,,,,,,,,,,0.0,2.66,6.109999999999999,2.3200000000000003,5.72,3.8099999999999996,,,,28.722442626953125
2025,01/28/2026,LAL,CLE,Drew Timme,PF,2,,,,,,,,,,,,,,0.0,0.8,1.14,0.96,1.94,0.76,,,,16.60625648498535
2025,01/28/2026,LAL,CLE,Gabe Vincent,PG,2,,,,,,,,,,,,,,0.0,0.63,1.94,1.5899999999999999,1.8399999999999999,1.42,,,,18.102746963500977
2025,01/28/2026,LAL,CLE,Jake LaRavia,PF,1,,,,,,,,,,,,,,0.0,1.83,3.6100000000000003,2.75,5.69,2.9000000000000004,,,,32.11927032470703
2025,01/28/2026,LAL,CLE,Jarred Vanderbilt,PF,2,,,,,,,,,,,,,,0.0,0.96,1.9,1.81,2.3,2.08,,,,17.923166275024414
2025,01/28/2026,LAL,CLE,Jaxson Hayes,C,2,,,,,,,,,,,,,,0.0,1.66,2.01,1.5499999999999998,3.49,2.8899999999999997,,,,16.97687530517578
2025,01/28/2026,LAL,CLE,LeBron James,SF,1,,,,,,,,,,,,,,0.0,4.38,8.919999999999998,8.82,10.899999999999999,11.75,,,,34.85502624511719
2025,01/28/2026,LAL,CLE,Luka Doncic,PG,1,,,,,,,,,,,,,,0.0,5.91,11.82,10.82,18.669999999999998,16.22,,,,37.11884689331055
2025,01/28/2026,LAL,CLE,Marcus Smart,SG,1,,,,,,,,,,,,,,0.0,1.57,3.69,4.82,4.6,7.1899999999999995,,,,30.735082626342773
2025,01/28/2026,LAL,CLE,Maxi Kleber,PF,2,,,,,,,,,,,,,,0.0,0.54,1.52,1.03,1.68,0.85,,,,12.418927192687988
2025,01/28/2026,LAL,CLE,Nick Smith Jr.,SG,2,,,,,,,,,,,,,,0.0,0.18,0.94,1.66,0.42,2.36,,,,14.98879623413086
2025,01/28/2026,LAL,CLE,Rui Hachimura,PF,2,,,,,,,,,,,,,,0.0,2.23,4.5,5.67,5.390000000000001,7.0,,,,25.99522590637207
2025,01/28/2026,MEM,CHO,Brandon Clarke,PF,2,,,,,,,,,,,,,,0.0,,,,,,,,,12.110677719116211
2025,01/28/2026,MEM,CHO,Cam Spencer,SG,1,,,,,,,,,,,,,,0.0,1.1099999999999999,2.79,5.220000000000001,3.7399999999999998,7.590000000000001,,,,28.340898513793945
2025,01/28/2026,MEM,CHO,Cedric Coward,SG,1,,,,,,,,,,,,,,0.0,3.04,6.82,5.32,8.06,6.3,,,,27.791208267211914
2025,01/28/2026,MEM,CHO,GG Jackson II,PF,2,,,,,,,,,,,,,,0.0,2.3600000000000003,4.24,4.47,6.0,5.199999999999999,,,,21.364477157592773
2025,01/28/2026,MEM,CHO,Ja Morant,PG,2,,,,,,,,,,,,,,0.0,3.21,6.379999999999999,8.149999999999999,11.11,9.399999999999999,,,,23.582416534423828
2025,01/28/2026,MEM,CHO,Jahmai Mashack,SG,2,,,,,,,,,,,,,,0.0,0.0,0.125,0.37499999999999994,0.0,0.0,,,,10.250141143798828
2025,01/28/2026,MEM,CHO,Jaren Jackson Jr.,C,1,,,,,,,,,,,,,,0.0,4.76,9.33,6.699999999999999,13.48,6.75,,,,31.756088256835938
2025,01/28/2026,MEM,CHO,Javon Small,PG,2,,,,,,,,,,,,,,0.0,0.7,1.79,2.13,2.42,2.38,,,,14.651045799255371
2025,01/28/2026,MEM,CHO,Jaylen Wells,SG,1,,,,,,,,,,,,,,0.0,1.75,5.69,4.93,4.92,6.08,,,,26.712678909301758
2025,01/28/2026,MEM,CHO,Jock Landale,C,1,,,,,,,,,,,,,,0.0,4.0200000000000005,6.709999999999999,4.13,9.45,5.789999999999999,,,,26.61966323852539
2025,01/28/2026,MEM,CHO,John Konchar,SG,2,,,,,,,,,,,,,,0.0,0.6799999999999999,1.3499999999999999,0.74,1.7,0.93,,,,18.22464370727539
2025,01/28/2026,MEM,CHO,Kentavious Caldwell-Pope,SG,2,,,,,,,,,,,,,,0.0,1.13,3.42,3.72,2.77,4.42,,,,20.570972442626953
2025,01/28/2026,MEM,CHO,Olivier-Maxence Prosper,PF,2,,,,,,,,,,,,,,0.0,0.98,1.4100000000000001,2.66,2.67,3.27,,,,16.824657440185547
2025,01/28/2026,MEM,CHO,Santi Aldama,PF,2,,,,,,,,,,,,,,0.0,2.77,5.51,4.3,7.640000000000001,6.24,,,,26.324951171875
2025,01/28/2026,MEM,CHO,Scotty Pippen Jr.,PG,2,,,,,,,,,,,,,,0.0,,,,,,,,,17.562299728393555
2025,01/28/2026,MEM,CHO,Ty Jerome,SG,2,,,,,,,,,,,,,,0.0,,,,,,,,,16.351369857788086
2025,01/28/2026,MEM,CHO,Vince Williams Jr.,PG,2,,,,,,,,,,,,,,0.0,0.85,3.13,4.96,2.06,4.85,,,,19.885839462280273
2025,01/28/2026,MEM,CHO,Zach Edey,C,2,,,,,,,,,,,,,,0.0,3.8600000000000003,5.34,4.42,8.83,5.34,,,,21.199378967285156
2025,01/28/2026,MIA,ORL,Andrew Wiggins,SF,1,,,,,,,,,,,,,,0.0,3.9200000000000004,6.65,5.09,10.21,4.8,,,,32.02229309082031
2025,01/28/2026,MIA,ORL,Bam Adebayo,C,1,,,,,,,,,,,,,,0.0,4.04,9.08,8.120000000000001,11.84,10.15,,,,33.73080825805664
2025,01/28/2026,MIA,ORL,Davion Mitchell,PG,2,,,,,,,,,,,,,,0.0,1.71,3.8899999999999997,2.4099999999999997,5.01,2.75,,,,26.6716251373291
2025,01/28/2026,MIA,ORL,Dru Smith,SG,2,,,,,,,,,,,,,,0.0,1.04,3.16,2.8200000000000003,2.31,3.29,,,,20.17500114440918
2025,01/28/2026,MIA,ORL,Jahmir Young,PG,2,,,,,,,,,,,,,,0.0,0.0,0.25,2.125,0.0,2.2499999999999996,,,,10.405887603759766
2025,01/28/2026,MIA,ORL,Jaime Jaquez Jr.,SF,2,,,,,,,,,,,,,,0.0,2.71,4.9799999999999995,5.02,6.57,4.96,,,,28.96120834350586
2025,01/28/2026,MIA,ORL,Kasparas Jakucionis,PG,1,,,,,,,,,,,,,,0.0,0.54,1.79,1.9100000000000001,1.78,3.38,,,,23.99946403503418
2025,01/28/2026,MIA,ORL,Kel'el Ware,C,2,,,,,,,,,,,,,,0.0,1.71,4.26,3.72,3.91,4.47,,,,16.65931510925293
2025,01/28/2026,MIA,ORL,Keshad Johnson,SF,2,,,,,,,,,,,,,,0.0,0.0,0.06,1.41,0.12,2.0,,,,11.028517723083496
2025,01/28/2026,MIA,ORL,Myron Gardner,SF,2,,,,,,,,,,,,,,0.0,0.45999999999999996,1.0699999999999998,2.16,1.65,2.4699999999999998,,,,12.400407791137695
2025,01/28/2026,MIA,ORL,Nikola Jovic,PF,2,,,,,,,,,,,,,,0.0,1.63,4.91,2.77,5.109999999999999,3.83,,,,21.47240447998047
2025,01/28/2026,MIA,ORL,Norman Powell,SG,1,,,,,,,,,,,,,,0.0,3.77,8.58,7.08,11.68,6.51,,,,31.685895919799805
2025,01/28/2026,MIA,ORL,Pelle Larsson,SG,1,,,,,,,,,,,,,,0.0,2.16,3.9599999999999995,3.84,5.97,5.24,,,,28.25055694580078
2025,01/28/2026,MIA,ORL,Simone Fontecchio,SF,2,,,,,,,,,,,,,,0.0,1.15,2.78,4.4399999999999995,3.24,6.3999999999999995,,,,19.91054344177246
2025,01/28/2026,MIA,ORL,Terry Rozier,PG,2,,,,,,,,,,,,,,0.0,,,,,,,,,13.984424591064453
2025,01/28/2026,MIA,ORL,Tyler Herro,SG,2,,,,,,,,,,,,,,0.0,4.59,8.27,8.009999999999998,11.66,9.66,,,,24.767175674438477
2025,01/28/2026,MIA,ORL,Vladislav Goldin,C,2,,,,,,,,,,,,,,0.0,,,,,,,,,11.928919792175293
2025,01/28/2026,MIN,DAL,Anthony Edwards,SG,1,,,,,,,,,,,,,,0.0,5.699999999999999,10.93,12.809999999999999,15.2,16.419999999999998,,,,37.37955093383789
2025,01/28/2026,MIN,DAL,Bones Hyland,PG,2,,,,,,,,,,,,,,0.0,1.71,3.6700000000000004,2.26,4.14,3.5700000000000003,,,,16.038406372070312
2025,01/28/2026,MIN,DAL,Donte DiVincenzo,SG,1,,,,,,,,,,,,,,0.0,2.35,5.3,7.04,6.48,8.559999999999999,,,,32.307891845703125
2025,01/28/2026,MIN,DAL,Enrique Freeman,PF,2,,,,,,,,,,,,,,0.0,,,,,,,,,13.694891929626465
2025,01/28/2026,MIN,DAL,Jaden McDaniels,PF,1,,,,,,,,,,,,,,0.0,2.6599999999999997,5.8999999999999995,4.74,7.449999999999999,7.26,,,,32.80335998535156
2025,01/28/2026,MIN,DAL,Jaylen Clark,SG,2,,,,,,,,,,,,,,0.0,0.28,1.01,1.54,0.62,1.5,,,,15.234609603881836
2025,01/28/2026,MIN,DAL,Joan Beringer,PF,2,,,,,,,,,,,,,,0.0,0.56,0.83,2.5,1.12,2.88,,,,11.522730827331543
2025,01/28/2026,MIN,DAL,Joe Ingles,SF,2,,,,,,,,,,,,,,0.0,0.11,0.11,0.32999999999999996,0.32999999999999996,0.8200000000000001,,,,7.63488245010376
2025,01/28/2026,MIN,DAL,Johnny Juzang,SG,2,,,,,,,,,,,,,,0.0,0.0,0.16,1.88,0.0,2.34,,,,8.024065971374512
2025,01/28/2026,MIN,DAL,Julius Randle,PF,1,,,,,,,,,,,,,,0.0,4.24,8.75,6.720000000000001,10.44,10.82,,,,34.022464752197266
2025,01/28/2026,MIN,DAL,Leonard Miller,SF,2,,,,,,,,,,,,,,0.0,0.0,0.0,1.8599999999999999,0.0,2.74,,,,6.629709720611572
2025,01/28/2026,MIN,DAL,Mike Conley,PG,2,,,,,,,,,,,,,,0.0,0.52,2.51,1.02,2.2,0.42,,,,16.003002166748047
2025,01/28/2026,MIN,DAL,Naz Reid,C,2,,,,,,,,,,,,,,0.0,2.5700000000000003,4.8,4.9799999999999995,6.82,5.91,,,,26.05060386657715
2025,01/28/2026,MIN,DAL,Rob Dillingham,PG,2,,,,,,,,,,,,,,0.0,0.06,0.24,3.1999999999999997,0.3,2.11,,,,9.58965015411377
2025,01/28/2026,MIN,DAL,Rocco Zikarsky,C,2,,,,,,,,,,,,,,0.0,,,,,,,,,13.590677261352539
2025,01/28/2026,MIN,DAL,Rudy Gobert,C,1,,,,,,,,,,,,,,0.0,2.69,3.79,1.89,6.48,3.59,,,,32.016971588134766
2025,01/28/2026,MIN,DAL,Terrence Shannon Jr.,SG,2,,,,,,,,,,,,,,0.0,0.5,1.56,1.94,1.3399999999999999,2.5,,,,11.939981460571289
2025,01/28/2026,NYK,TOR,Ariel Hukporti,C,2,,,,,,,,,,,,,,0.0,0.3,0.48,0.77,0.7100000000000001,1.38,,,,10.197339057922363
2025,01/28/2026,NYK,TOR,Dillon Jones,SF,2,,,,,,,,,,,,,,0.0,,,,,,,,,8.392607688903809
2025,01/28/2026,NYK,TOR,Guerschon Yabusele,C,2,,,,,,,,,,,,,,0.0,0.16,0.96,0.7,0.32,0.6,,,,11.510659217834473
2025,01/28/2026,NYK,TOR,Jalen Brunson,PG,1,,,,,,,,,,,,,,0.0,4.57,9.76,8.01,13.01,10.59,,,,35.89171600341797
2025,01/28/2026,NYK,TOR,Jordan Clarkson,SG,2,,,,,,,,,,,,,,0.0,1.48,3.88,2.92,4.31,1.9899999999999998,,,,17.095731735229492
2025,01/28/2026,NYK,TOR,Josh Hart,SF,1,,,,,,,,,,,,,,0.0,2.1799999999999997,4.119999999999999,3.8099999999999996,5.869999999999999,4.12,,,,34.691768646240234
2025,01/28/2026,NYK,TOR,Karl-Anthony Towns,C,1,,,,,,,,,,,,,,0.0,3.19,6.46,5.91,9.83,6.779999999999999,,,,32.58774185180664
2025,01/28/2026,NYK,TOR,Kevin McCullar Jr.,SF,2,,,,,,,,,,,,,,0.0,0.4,0.95,0.87,1.0899999999999999,0.76,,,,9.591207504272461
2025,01/28/2026,NYK,TOR,Landry Shamet,SG,2,,,,,,,,,,,,,,0.0,1.1099999999999999,3.08,3.42,3.39,6.6000000000000005,,,,21.175046920776367
2025,01/28/2026,NYK,TOR,Mikal Bridges,SF,1,,,,,,,,,,,,,,0.0,2.7800000000000002,6.48,6.219999999999999,6.84,6.699999999999999,,,,35.248321533203125
2025,01/28/2026,NYK,TOR,Miles McBride,SG,2,,,,,,,,,,,,,,0.0,2.1799999999999997,6.15,6.09,5.76,7.0,,,,25.393831253051758
2025,01/28/2026,NYK,TOR,Mitchell Robinson,C,2,,,,,,,,,,,,,,0.0,1.78,2.34,1.83,3.72,2.59,,,,21.232864379882812
2025,01/28/2026,NYK,TOR,Mohamed Diawara,SF,2,,,,,,,,,,,,,,0.0,0.16,0.32,1.35,0.48,1.44,,,,5.6496782302856445
2025,01/28/2026,NYK,TOR,OG Anunoby,PF,1,,,,,,,,,,,,,,0.0,3.05,5.85,5.08,7.72,8.4,,,,35.024566650390625
2025,01/28/2026,NYK,TOR,P.J. Tucker,F,2,,,,,,,,,,,,,,0.0,,,,,,,,,12.965628623962402
2025,01/28/2026,NYK,TOR,Pacome Dadiet,SG,2,,,,,,,,,,,,,,0.0,0.0,0.12,0.16,0.0,0.44,,,,5.808015823364258
2025,01/28/2026,NYK,TOR,Trey Jemison,C,2,,,,,,,,,,,,,,0.0,0.0,0.0,0.7499999999999999,0.0,1.7499999999999998,,,,8.681556701660156
2025,01/28/2026,NYK,TOR,Tyler Kolek,PG,2,,,,,,,,,,,,,,0.0,0.62,1.56,2.8200000000000003,1.3599999999999999,2.51,,,,13.609566688537598
2025,01/28/2026,ORL,MIA,Anthony Black,PG,1,,,,,,,,,,,,,,0.0,2.75,6.970000000000001,5.57,7.380000000000001,7.56,,,,35.215938568115234
2025,01/28/2026,ORL,MIA,Colin Castleton,C,2,,,,,,,,,,,,,,0.0,,,,,,,,,14.368379592895508
2025,01/28/2026,ORL,MIA,Desmond Bane,SG,1,,,,,,,,,,,,,,0.0,3.9200000000000004,8.22,5.83,10.440000000000001,7.98,,,,35.57631301879883
2025,01/28/2026,ORL,MIA,Franz Wagner,SF,2,,,,,,,,,,,,,,0.0,3.45,7.06,7.25,9.469999999999999,10.18,,,,25.23206329345703
2025,01/28/2026,ORL,MIA,Goga Bitadze,C,2,,,,,,,,,,,,,,0.0,1.67,2.88,1.19,3.67,1.6800000000000002,,,,15.966025352478027
2025,01/28/2026,ORL,MIA,Jalen Suggs,PG,1,,,,,,,,,,,,,,0.0,3.47,7.669999999999999,4.16,9.12,4.37,,,,26.860275268554688
2025,01/28/2026,ORL,MIA,Jamal Cain,SF,2,,,,,,,,,,,,,,0.0,0.36,0.88,0.5,1.56,0.5,,,,10.602962493896484
2025,01/28/2026,ORL,MIA,Jase Richardson,SG,2,,,,,,,,,,,,,,0.0,1.0699999999999998,2.3899999999999997,2.22,3.16,2.2199999999999998,,,,17.277551651000977
2025,01/28/2026,ORL,MIA,Jett Howard,SF,2,,,,,,,,,,,,,,0.0,0.28,1.4899999999999998,3.12,0.88,2.88,,,,13.10831356048584
2025,01/28/2026,ORL,MIA,Jonathan Isaac,PF,2,,,,,,,,,,,,,,0.0,0.12,0.29,0.6900000000000001,0.42,1.0999999999999999,,,,10.165074348449707
2025,01/28/2026,ORL,MIA,Moritz Wagner,C,2,,,,,,,,,,,,,,0.0,1.0,3.8749999999999996,4.124999999999999,2.9999999999999996,6.875,,,,17.111183166503906
2025,01/28/2026,ORL,MIA,Noah Penda,SF,2,,,,,,,,,,,,,,0.0,1.01,2.9699999999999998,2.47,2.8099999999999996,3.95,,,,19.41073226928711
2025,01/28/2026,ORL,MIA,Orlando Robinson,C,2,,,,,,,,,,,,,,0.0,1.0,1.3333333333333333,0.3333333333333333,2.3333333333333335,0.0,,,,10.70073127746582
2025,01/28/2026,ORL,MIA,Paolo Banchero,PF,1,,,,,,,,,,,,,,0.0,3.56,7.47,8.75,11.42,13.36,,,,36.69573211669922
2025,01/28/2026,ORL,MIA,Tristan Da Silva,SF,2,,,,,,,,,,,,,,0.0,0.94,3.1,2.9799999999999995,2.6999999999999997,3.5,,,,20.33360481262207
2025,01/28/2026,ORL,MIA,Tyus Jones,PG,2,,,,,,,,,,,,,,0.0,0.32999999999999996,1.77,1.94,0.88,1.06,,,,16.729385375976562
2025,01/28/2026,ORL,MIA,Wendell Carter Jr.,C,1,,,,,,,,,,,,,,0.0,2.6799999999999997,4.99,3.8499999999999996,7.040000000000001,3.6099999999999994,,,,31.734783172607422
2025,01/28/2026,SAS,HOU,Bismack Biyombo,C,2,,,,,,,,,,,,,,0.0,0.22,0.22,0.44,0.44,0.55,,,,9.934869766235352
2025,01/28/2026,SAS,HOU,Carter Bryant,PF,2,,,,,,,,,,,,,,0.0,0.8699999999999999,1.53,1.92,2.09,2.1999999999999997,,,,10.438691139221191
2025,01/28/2026,SAS,HOU,David Jones Garcia,SF,2,,,,,,,,,,,,,,0.0,0.4,0.8999999999999999,1.08,1.08,1.44,,,,10.856575965881348
2025,01/28/2026,SAS,HOU,De'Aaron Fox,PG,1,,,,,,,,,,,,,,0.0,3.4299999999999997,6.559999999999999,6.359999999999999,9.11,9.04,,,,33.6401481628418
2025,01/28/2026,SAS,HOU,Devin Vassell,SG,1,,,,,,,,,,,,,,0.0,2.63,6.15,5.390000000000001,7.0,5.3,,,,31.667827606201172
2025,01/28/2026,SAS,HOU,Dylan Harper,SG,2,,,,,,,,,,,,,,0.0,1.27,3.08,3.84,3.07,4.209999999999999,,,,20.93942642211914
2025,01/28/2026,SAS,HOU,Harrison Barnes,PF,1,,,,,,,,,,,,,,0.0,1.51,3.5700000000000003,2.21,4.390000000000001,1.71,,,,27.766721725463867
2025,01/28/2026,SAS,HOU,Harrison Ingram,SF,2,,,,,,,,,,,,,,0.0,0.0,0.0,1.0,0.0,1.6666666666666667,,,,9.576501846313477
2025,01/28/2026,SAS,HOU,Jeremy Sochan,PF,2,,,,,,,,,,,,,,0.0,0.11,0.32999999999999996,0.95,0.32999999999999996,0.77,,,,14.15314769744873
2025,01/28/2026,SAS,HOU,Jordan McLaughlin,PG,2,,,,,,,,,,,,,,0.0,0.0,0.0,1.1600000000000001,0.0,0.93,,,,9.10704517364502
2025,01/28/2026,SAS,HOU,Julian Champagnie,SF,2,,,,,,,,,,,,,,0.0,2.92,6.56,4.0600000000000005,9.530000000000001,5.57,,,,25.534746170043945
2025,01/28/2026,SAS,HOU,Keldon Johnson,SF,2,,,,,,,,,,,,,,0.0,2.7800000000000002,5.43,5.83,7.29,7.37,,,,25.714658737182617
2025,01/28/2026,SAS,HOU,Kelly Olynyk,C,2,,,,,,,,,,,,,,0.0,0.52,1.54,0.71,1.0999999999999999,1.15,,,,11.31870174407959
2025,01/28/2026,SAS,HOU,Lindy Waters III,SG,2,,,,,,,,,,,,,,0.0,0.12,0.8400000000000001,1.48,0.36,1.52,,,,8.259516716003418
2025,01/28/2026,SAS,HOU,Luke Kornet,C,2,,,,,,,,,,,,,,0.0,1.6099999999999999,2.83,2.22,3.56,3.42,,,,20.095600128173828
2025,01/28/2026,SAS,HOU,Stanley Umude,SG,2,,,,,,,,,,,,,,0.0,,,,,,,,,13.804343223571777
2025,01/28/2026,SAS,HOU,Stephon Castle,PG,1,,,,,,,,,,,,,,0.0,1.96,5.41,5.92,6.56,6.18,,,,31.949718475341797
2025,01/28/2026,SAS,HOU,Victor Wembanyama,C,1,,,,,,,,,,,,,,0.0,4.15,8.08,9.21,12.94,10.24,,,,31.60662078857422
2025,01/28/2026,TOR,NYK,A.J. Lawson,SG,2,,,,,,,,,,,,,,0.0,0.5599999999999999,1.2999999999999998,1.63,1.73,1.96,,,,15.285268783569336
2025,01/28/2026,TOR,NYK,Alijah Martin,SG,2,,,,,,,,,,,,,,0.0,0.55,0.8999999999999999,1.03,1.5999999999999999,1.25,,,,13.351101875305176
2025,01/28/2026,TOR,NYK,Brandon Ingram,SF,1,,,,,,,,,,,,,,0.0,3.4000000000000004,8.48,7.359999999999999,9.52,9.41,,,,34.84916687011719
2025,01/28/2026,TOR,NYK,Chucky Hepburn,PG,2,,,,,,,,,,,,,,0.0,,,,,,,,,11.033952713012695
2025,01/28/2026,TOR,NYK,Collin Murray-Boyles,PF,1,,,,,,,,,,,,,,0.0,2.9799999999999995,5.15,3.15,7.1,3.17,,,,27.045888900756836
2025,01/28/2026,TOR,NYK,Garrett Temple,SG,2,,,,,,,,,,,,,,0.0,0.0,0.0,0.51,0.0,0.24,,,,6.295750141143799
2025,01/28/2026,TOR,NYK,Gradey Dick,SG,2,,,,,,,,,,,,,,0.0,1.78,4.109999999999999,3.19,4.55,4.57,,,,18.843505859375
2025,01/28/2026,TOR,NYK,Immanuel Quickley,PG,1,,,,,,,,,,,,,,0.0,3.6,6.3,7.659999999999999,10.059999999999999,10.61,,,,32.414302825927734
2025,01/28/2026,TOR,NYK,Ja'Kobe Walter,SG,2,,,,,,,,,,,,,,0.0,1.0499999999999998,3.1799999999999997,3.17,3.5,4.779999999999999,,,,19.02239227294922
2025,01/28/2026,TOR,NYK,Jakob Poeltl,C,2,,,,,,,,,,,,,,0.0,1.8800000000000001,3.0999999999999996,2.06,4.15,2.8,,,,19.42704200744629
2025,01/28/2026,TOR,NYK,Jamal Shead,PG,2,,,,,,,,,,,,,,0.0,1.6800000000000002,3.8899999999999997,3.87,4.459999999999999,4.2299999999999995,,,,22.862300872802734
2025,01/28/2026,TOR,NYK,Jamison Battle,SF,2,,,,,,,,,,,,,,0.0,0.5,1.5499999999999998,1.44,1.33,2.46,,,,12.103168487548828
2025,01/28/2026,TOR,NYK,Jonathan Mogbo,PF,2,,,,,,,,,,,,,,0.0,0.28,1.24,0.72,0.56,1.3399999999999999,,,,14.673721313476562
2025,01/28/2026,TOR,NYK,Ochai Agbaji,SG,2,,,,,,,,,,,,,,0.0,1.3399999999999999,2.12,2.71,3.2600000000000002,2.2,,,,18.549724578857422
2025,01/28/2026,TOR,NYK,RJ Barrett,SF,1,,,,,,,,,,,,,,0.0,3.12,7.13,7.33,8.41,9.3,,,,28.313312530517578
2025,01/28/2026,TOR,NYK,Sandro Mamukelashvili,C,2,,,,,,,,,,,,,,0.0,3.17,6.6,3.7399999999999998,8.559999999999999,6.58,,,,23.60542869567871
2025,01/28/2026,TOR,NYK,Scottie Barnes,PF,1,,,,,,,,,,,,,,0.0,3.44,7.84,7.77,8.36,10.780000000000001,,,,33.49248123168945
2025,01/28/2026,UTA,GSW,Ace Bailey,SF,1,,,,,,,,,,,,,,0.0,3.6799999999999997,6.9399999999999995,5.93,8.719999999999999,6.42,,,,28.91930389404297
2025,01/28/2026,UTA,GSW,Brice Sensabaugh,SF,2,,,,,,,,,,,,,,0.0,2.17,4.54,8.569999999999999,7.359999999999999,10.440000000000001,,,,22.82872772216797
2025,01/28/2026,UTA,GSW,Cody Williams,SG,2,,,,,,,,,,,,,,0.0,2.12,3.6999999999999997,3.5,5.0,4.09,,,,20.844797134399414
2025,01/28/2026,UTA,GSW,Elijah Harkless,SG,2,,,,,,,,,,,,,,0.0,0.125,0.37499999999999994,0.25,0.37499999999999994,1.625,,,,14.427533149719238
2025,01/28/2026,UTA,GSW,Georges Niang,PF,2,,,,,,,,,,,,,,0.0,,,,,,,,,16.38251495361328
2025,01/28/2026,UTA,GSW,Isaiah Collier,PG,2,,,,,,,,,,,,,,0.0,2.01,4.12,4.95,4.47,7.27,,,,24.201175689697266
2025,01/28/2026,UTA,GSW,John Tonje,SG,2,,,,,,,,,,,,,,0.0,,,,,,,,,14.796469688415527
2025,01/28/2026,UTA,GSW,Jusuf Nurkic,C,1,,,,,,,,,,,,,,0.0,2.6999999999999997,6.0,7.34,6.0,11.05,,,,28.843381881713867
2025,01/28/2026,UTA,GSW,Kevin Love,PF,2,,,,,,,,,,,,,,0.0,1.4,3.67,2.3600000000000003,4.35,2.26,,,,18.980113983154297
2025,01/28/2026,UTA,GSW,Keyonte George,PG,1,,,,,,,,,,,,,,0.0,4.1,9.82,7.7299999999999995,12.419999999999998,13.489999999999998,,,,36.360347747802734
2025,01/28/2026,UTA,GSW,Kyle Anderson,SF,2,,,,,,,,,,,,,,0.0,1.13,2.3200000000000003,2.8499999999999996,2.49,4.55,,,,21.52806854248047
2025,01/28/2026,UTA,GSW,Kyle Filipowski,C,2,,,,,,,,,,,,,,0.0,1.87,3.7699999999999996,3.05,4.85,4.1899999999999995,,,,21.298614501953125
2025,01/28/2026,UTA,GSW,Lauri Markkanen,PF,1,,,,,,,,,,,,,,0.0,4.63,10.16,8.52,13.579999999999998,13.08,,,,36.292057037353516
2025,01/28/2026,UTA,GSW,Oscar Tshiebwe,C,2,,,,,,,,,,,,,,0.0,,,,,,,,,13.244044303894043
2025,01/28/2026,UTA,GSW,Svi Mykhailiuk,SF,1,,,,,,,,,,,,,,0.0,1.5499999999999998,3.03,2.19,4.409999999999999,3.3,,,,26.53036880493164
2025,01/28/2026,UTA,GSW,Taylor Hendricks,PF,2,,,,,,,,,,,,,,0.0,0.35,1.14,1.73,1.0499999999999998,1.53,,,,16.18984031677246
2025,01/28/2026,UTA,GSW,Walker Kessler,C,2,,,,,,,,,,,,,,0.0,3.4999999999999996,4.749999999999999,3.4999999999999996,8.874999999999998,5.999999999999999,,,,21.753192901611328
2025,01/28/2026,UTA,GSW,Walter Clayton,PG,2,,,,,,,,,,,,,,0.0,1.15,3.3,2.94,3.0999999999999996,3.57,,,,21.546588897705078
