Date,Team,B2B,Player,Opp,Off_PTS,AVG_PTS_H2H,Def_PTS,PTS_line,PTS_Diff,Off_AST,AVG_AST_H2H,Def_AST,AST_line,AST_Diff,Off_REB,AVG_REB_H2H,Def_REB,REB_line,REB_Diff,Off_PR,AVG_PR_H2H,Def_PR,PR_line,PR_Diff,Off_PA,AVG_PA_H2H,Def_PA,PA_line,PA_Diff,Off_RA,AVG_RA_H2H,Def_RA,RA_line,RA_Diff,Off_PRA,AVG_PRA_H2H,Def_PRA,PRA_line,PRA_Diff,Off_TPM,AVG_TPM_H2H,Def_TPM,TPM_line,TPM_Diff,Off_STL,AVG_STL_H2H,Def_STL,STL_line,STL_Diff,Off_BLK,AVG_BLK_H2H,Def_BLK,BLK_line,BLK_Diff,Off_STL_BLK,AVG_STL_BLK_H2H,Def_STL_BLK,STL_BLK_line,STL_BLK_Diff
11/20/2025,PHI,1,Tyrese Maxey,MIL,32.53846153846154,31.0,20.642857142857142,28.5,4.03846153846154,7.6923076923076925,5.666666666666667,6.0,6.5,1.1923076923076925,4.923076923076923,4.5,5.571428571428571,3.5,1.4230769230769234,37.46153846153846,35.5,26.214285714285715,33.5,3.96153846153846,40.23076923076923,36.666666666666664,26.642857142857142,36.5,3.7307692307692335,12.615384615384615,10.166666666666666,11.571428571428571,10.5,2.115384615384615,45.15384615384615,41.166666666666664,32.214285714285715,40.5,4.653846153846153,3.8461538461538463,4.0,2.0,3.5,0.34615384615384626,1.5,1.3333333333333333,1.4285714285714286,1.5,0.0,1.6666666666666667,0.3333333333333333,0.2857142857142857,,,2.1538461538461537,1.6666666666666667,1.7142857142857142,,
11/20/2025,MIL,1,Ryan Rollins,PHI,17.4,4.166666666666667,18.09090909090909,19.5,-2.1000000000000014,5.333333333333333,1.5,5.818181818181818,5.5,-0.16666666666666696,4.0,1.5,5.545454545454546,4.5,-0.5,21.133333333333333,5.666666666666667,23.636363636363637,24.5,-3.366666666666667,22.733333333333334,5.666666666666667,23.90909090909091,25.5,-2.7666666666666657,9.066666666666666,3.0,11.363636363636363,10.5,-1.4333333333333336,26.466666666666665,7.166666666666667,29.454545454545453,30.5,-4.033333333333335,2.8461538461538463,0.5,1.9090909090909092,2.5,0.34615384615384626,2.0833333333333335,0.3333333333333333,1.2727272727272727,1.5,0.5833333333333335,1.0,0.0,0.45454545454545453,,,2.3333333333333335,0.3333333333333333,1.7272727272727273,,
11/20/2025,ORL,0,Jalen Suggs,LAC,12.545454545454545,,22.076923076923077,14.5,-1.954545454545455,4.7272727272727275,,5.461538461538462,4.5,0.22727272727272751,4.0,,4.076923076923077,4.5,-0.5,16.545454545454547,,26.153846153846153,18.5,-1.9545454545454533,17.272727272727273,,27.53846153846154,19.5,-2.2272727272727266,8.727272727272727,,9.538461538461538,9.5,-0.7727272727272734,21.272727272727273,,31.615384615384617,23.5,-2.2272727272727266,2.0,,3.1538461538461537,1.5,0.5,2.5714285714285716,,1.3846153846153846,1.5,1.0714285714285716,1.0,,0.46153846153846156,,,2.75,,1.8461538461538463,,
11/20/2025,SAS,0,De'Aaron Fox,ATL,22.666666666666668,25.2,19.727272727272727,24.5,-1.8333333333333321,6.166666666666667,6.4,6.818181818181818,7.5,-1.333333333333333,3.1666666666666665,5.0,6.545454545454546,3.5,-0.3333333333333335,25.833333333333332,30.2,26.272727272727273,29.5,-3.666666666666668,28.833333333333332,31.6,26.545454545454547,32.5,-3.666666666666668,9.333333333333334,11.4,13.363636363636363,11.5,-2.166666666666666,32.0,36.6,33.09090909090909,36.5,-4.5,2.5,3.4,2.1818181818181817,2.5,0.0,1.75,2.8,1.4545454545454546,1.5,0.25,1.0,0.0,0.5454545454545454,,,2.25,2.8,2.0,,
11/20/2025,MIL,1,Cole Anthony,PHI,9.461538461538462,6.857142857142857,18.09090909090909,10.5,-1.0384615384615383,5.214285714285714,1.7142857142857142,5.818181818181818,4.5,0.7142857142857144,3.2857142857142856,1.5714285714285714,5.545454545454546,3.5,-0.2142857142857144,12.071428571428571,8.428571428571429,23.636363636363637,13.5,-1.4285714285714288,14.0,8.571428571428571,23.90909090909091,14.5,-0.5,8.5,3.2857142857142856,11.363636363636363,7.5,1.0,17.285714285714285,10.142857142857142,29.454545454545453,18.5,-1.2142857142857153,1.5714285714285714,0.7142857142857143,1.9090909090909092,1.5,0.0714285714285714,1.25,0.2857142857142857,1.2727272727272727,,,1.0,0.14285714285714285,0.45454545454545453,,,1.3636363636363635,0.42857142857142855,1.7272727272727273,,
11/20/2025,SAC,1,Russell Westbrook,MEM,14.384615384615385,12.714285714285714,23.818181818181817,13.5,0.884615384615385,6.384615384615385,4.857142857142857,5.181818181818182,6.5,-0.11538461538461497,7.0,5.0,5.090909090909091,7.5,-0.5,20.846153846153847,17.714285714285715,28.90909090909091,21.5,-0.6538461538461533,20.76923076923077,17.571428571428573,29.0,20.5,0.26923076923077005,12.846153846153847,9.857142857142858,10.272727272727273,14.5,-1.6538461538461533,27.23076923076923,22.571428571428573,34.09090909090909,28.5,-1.26923076923077,2.4545454545454546,1.2857142857142858,3.5454545454545454,1.5,0.9545454545454546,1.5,1.2857142857142858,0.6363636363636364,,,1.0,0.2857142857142857,0.36363636363636365,,,1.5555555555555556,1.5714285714285714,1.0,,
11/20/2025,SAC,1,Russell Westbrook,MEM,14.0,12.714285714285714,17.11764705882353,13.5,0.5,6.384615384615385,4.857142857142857,5.181818181818182,6.5,-0.11538461538461497,7.0,5.0,5.090909090909091,7.5,-0.5,20.846153846153847,17.714285714285715,28.90909090909091,21.5,-0.6538461538461533,20.76923076923077,17.571428571428573,29.0,20.5,0.26923076923077005,12.846153846153847,9.857142857142858,10.272727272727273,14.5,-1.6538461538461533,27.23076923076923,22.571428571428573,34.09090909090909,28.5,-1.26923076923077,2.4545454545454546,1.2857142857142858,3.5454545454545454,1.5,0.9545454545454546,1.5,1.2857142857142858,0.6363636363636364,,,1.0,0.2857142857142857,0.36363636363636365,,,1.5555555555555556,1.5714285714285714,1.0,,
11/20/2025,SAC,1,Russell Westbrook,MEM,14.0,12.714285714285714,17.11764705882353,13.5,0.5,7.0,4.857142857142857,4.0,6.5,0.5,7.0,5.0,5.090909090909091,7.5,-0.5,20.846153846153847,17.714285714285715,28.90909090909091,21.5,-0.6538461538461533,20.76923076923077,17.571428571428573,29.0,20.5,0.26923076923077005,12.846153846153847,9.857142857142858,10.272727272727273,14.5,-1.6538461538461533,27.23076923076923,22.571428571428573,34.09090909090909,28.5,-1.26923076923077,2.4545454545454546,1.2857142857142858,3.5454545454545454,1.5,0.9545454545454546,1.5,1.2857142857142858,0.6363636363636364,,,1.0,0.2857142857142857,0.36363636363636365,,,1.5555555555555556,1.5714285714285714,1.0,,
11/20/2025,SAC,1,Russell Westbrook,MEM,14.0,12.714285714285714,17.11764705882353,13.5,0.5,7.0,4.857142857142857,4.0,6.5,0.5,9.0,5.0,5.411764705882353,7.5,1.5,20.846153846153847,17.714285714285715,28.90909090909091,21.5,-0.6538461538461533,20.76923076923077,17.571428571428573,29.0,20.5,0.26923076923077005,12.846153846153847,9.857142857142858,10.272727272727273,14.5,-1.6538461538461533,27.23076923076923,22.571428571428573,34.09090909090909,28.5,-1.26923076923077,2.4545454545454546,1.2857142857142858,3.5454545454545454,1.5,0.9545454545454546,1.5,1.2857142857142858,0.6363636363636364,,,1.0,0.2857142857142857,0.36363636363636365,,,1.5555555555555556,1.5714285714285714,1.0,,
11/20/2025,SAC,1,Russell Westbrook,MEM,14.0,12.714285714285714,17.11764705882353,13.5,0.5,7.0,4.857142857142857,4.0,6.5,0.5,9.0,5.0,5.411764705882353,7.5,1.5,23.0,17.714285714285715,22.529411764705884,21.5,1.5,20.76923076923077,17.571428571428573,29.0,20.5,0.26923076923077005,12.846153846153847,9.857142857142858,10.272727272727273,14.5,-1.6538461538461533,27.23076923076923,22.571428571428573,34.09090909090909,28.5,-1.26923076923077,2.4545454545454546,1.2857142857142858,3.5454545454545454,1.5,0.9545454545454546,1.5,1.2857142857142858,0.6363636363636364,,,1.0,0.2857142857142857,0.36363636363636365,,,1.5555555555555556,1.5714285714285714,1.0,,
11/20/2025,SAC,1,Russell Westbrook,MEM,14.0,12.714285714285714,17.11764705882353,13.5,0.5,7.0,4.857142857142857,4.0,6.5,0.5,9.0,5.0,5.411764705882353,7.5,1.5,23.0,17.714285714285715,22.529411764705884,21.5,1.5,21.0,17.571428571428573,21.11764705882353,20.5,0.5,12.846153846153847,9.857142857142858,10.272727272727273,14.5,-1.6538461538461533,27.23076923076923,22.571428571428573,34.09090909090909,28.5,-1.26923076923077,2.4545454545454546,1.2857142857142858,3.5454545454545454,1.5,0.9545454545454546,1.5,1.2857142857142858,0.6363636363636364,,,1.0,0.2857142857142857,0.36363636363636365,,,1.5555555555555556,1.5714285714285714,1.0,,
11/20/2025,SAC,1,Russell Westbrook,MEM,14.0,12.714285714285714,17.11764705882353,13.5,0.5,7.0,4.857142857142857,4.0,6.5,0.5,9.0,5.0,5.411764705882353,7.5,1.5,23.0,17.714285714285715,22.529411764705884,21.5,1.5,21.0,17.571428571428573,21.11764705882353,20.5,0.5,16.0,9.857142857142858,9.411764705882353,14.5,1.5,27.23076923076923,22.571428571428573,34.09090909090909,28.5,-1.26923076923077,2.4545454545454546,1.2857142857142858,3.5454545454545454,1.5,0.9545454545454546,1.5,1.2857142857142858,0.6363636363636364,,,1.0,0.2857142857142857,0.36363636363636365,,,1.5555555555555556,1.5714285714285714,1.0,,
11/20/2025,SAC,1,Russell Westbrook,MEM,14.0,12.714285714285714,17.11764705882353,13.5,0.5,7.0,4.857142857142857,4.0,6.5,0.5,9.0,5.0,5.411764705882353,7.5,1.5,23.0,17.714285714285715,22.529411764705884,21.5,1.5,21.0,17.571428571428573,21.11764705882353,20.5,0.5,16.0,9.857142857142858,9.411764705882353,14.5,1.5,30.0,22.571428571428573,26.529411764705884,28.5,1.5,2.4545454545454546,1.2857142857142858,3.5454545454545454,1.5,0.9545454545454546,1.5,1.2857142857142858,0.6363636363636364,,,1.0,0.2857142857142857,0.36363636363636365,,,1.5555555555555556,1.5714285714285714,1.0,,
11/20/2025,SAC,1,Russell Westbrook,MEM,14.0,12.714285714285714,17.11764705882353,13.5,0.5,7.0,4.857142857142857,4.0,6.5,0.5,9.0,5.0,5.411764705882353,7.5,1.5,23.0,17.714285714285715,22.529411764705884,21.5,1.5,21.0,17.571428571428573,21.11764705882353,20.5,0.5,16.0,9.857142857142858,9.411764705882353,14.5,1.5,30.0,22.571428571428573,26.529411764705884,28.5,1.5,3.0,1.2857142857142858,2.0,1.5,1.5,1.5,1.2857142857142858,0.6363636363636364,,,1.0,0.2857142857142857,0.36363636363636365,,,1.5555555555555556,1.5714285714285714,1.0,,
11/20/2025,SAC,1,Russell Westbrook,MEM,14.0,12.714285714285714,17.11764705882353,13.5,0.5,7.0,4.857142857142857,4.0,6.5,0.5,9.0,5.0,5.411764705882353,7.5,1.5,23.0,17.714285714285715,22.529411764705884,21.5,1.5,21.0,17.571428571428573,21.11764705882353,20.5,0.5,16.0,9.857142857142858,9.411764705882353,14.5,1.5,30.0,22.571428571428573,26.529411764705884,28.5,1.5,3.0,1.2857142857142858,2.0,1.5,1.5,2.0,1.2857142857142858,1.0,,,1.0,0.2857142857142857,0.36363636363636365,,,1.5555555555555556,1.5714285714285714,1.0,,
11/20/2025,SAC,1,Russell Westbrook,MEM,14.0,12.714285714285714,17.11764705882353,13.5,0.5,7.0,4.857142857142857,4.0,6.5,0.5,9.0,5.0,5.411764705882353,7.5,1.5,23.0,17.714285714285715,22.529411764705884,21.5,1.5,21.0,17.571428571428573,21.11764705882353,20.5,0.5,16.0,9.857142857142858,9.411764705882353,14.5,1.5,30.0,22.571428571428573,26.529411764705884,28.5,1.5,3.0,1.2857142857142858,2.0,1.5,1.5,2.0,1.2857142857142858,1.0,,,1.0,0.2857142857142857,0.36363636363636365,,,2.0,1.5714285714285714,1.2941176470588236,,
11/20/2025,SAC,1,Dennis Schroder,MEM,13.23076923076923,15.8,23.818181818181817,12.5,0.73076923076923,5.928571428571429,6.2,5.181818181818182,4.5,1.4285714285714288,3.923076923076923,2.7,5.090909090909091,3.5,0.4230769230769229,17.153846153846153,18.5,28.90909090909091,16.5,0.6538461538461533,18.214285714285715,22.0,29.0,17.5,0.7142857142857153,9.571428571428571,8.9,10.272727272727273,8.5,1.0714285714285712,21.857142857142858,24.7,34.09090909090909,21.5,0.35714285714285765,2.4444444444444446,2.3,3.5454545454545454,1.5,0.9444444444444446,1.3636363636363635,0.6,0.6363636363636364,0.5,0.8636363636363635,1.0,0.0,0.36363636363636365,,,1.5,0.6,1.0,,
11/20/2025,LAC,0,James Harden,ORL,26.153846153846153,,22.384615384615383,26.5,-0.3461538461538467,8.692307692307692,,7.153846153846154,7.5,1.1923076923076916,6.833333333333333,,4.923076923076923,6.5,0.33333333333333304,32.46153846153846,,27.307692307692307,33.5,-1.03846153846154,34.84615384615385,,29.53846153846154,34.5,0.3461538461538467,15.0,,12.076923076923077,14.5,0.5,41.15384615384615,,34.46153846153846,41.5,-0.3461538461538467,3.6153846153846154,,2.230769230769231,3.5,0.11538461538461542,1.5,,1.8461538461538463,0.5,1.0,1.75,,0.38461538461538464,,,1.9,,2.230769230769231,,
11/20/2025,LAC,0,Kris Dunn,ORL,7.769230769230769,5.5,22.384615384615383,7.5,0.26923076923076916,3.090909090909091,2.5,7.153846153846154,2.5,0.5909090909090908,2.9166666666666665,2.25,4.923076923076923,2.5,0.4166666666666665,9.714285714285714,7.75,27.307692307692307,10.5,-0.7857142857142865,9.642857142857142,8.0,29.53846153846154,9.5,0.14285714285714235,5.3076923076923075,4.75,12.076923076923077,4.5,0.8076923076923075,12.142857142857142,10.25,34.46153846153846,12.5,-0.35714285714285765,1.2,1.0,2.230769230769231,0.5,0.7,1.9090909090909092,1.0,1.8461538461538463,1.5,0.40909090909090917,1.0,0.25,0.38461538461538464,,,2.0833333333333335,1.25,2.230769230769231,,
11/20/2025,ORL,0,Anthony Black,LAC,11.733333333333333,6.25,22.076923076923077,11.5,0.2333333333333325,2.5714285714285716,2.75,5.461538461538462,2.5,0.07142857142857162,3.2857142857142856,0.25,4.076923076923077,3.5,-0.2142857142857144,14.8,6.5,26.153846153846153,15.5,-0.6999999999999993,14.133333333333333,9.0,27.53846153846154,14.5,-0.36666666666666714,5.466666666666667,3.0,9.538461538461538,6.5,-1.0333333333333332,17.2,9.25,31.615384615384617,17.5,-0.3000000000000007,1.5,0.5,3.1538461538461537,,,1.5,0.5,1.3846153846153846,,,1.1111111111111112,0.25,0.46153846153846156,,,2.0,0.75,1.8461538461538463,,
11/20/2025,LAC,0,Chris Paul,ORL,3.5,7.75,22.384615384615383,,,3.625,5.0,7.153846153846154,,,1.7777777777777777,3.0,4.923076923076923,,,4.111111111111111,10.75,27.307692307692307,,,5.555555555555555,12.75,29.53846153846154,,,5.0,8.0,12.076923076923077,,,7.333333333333333,15.75,34.46153846153846,,,1.2,1.0,2.230769230769231,,,1.8,0.75,1.8461538461538463,,,,,,,,1.8,1.0,2.230769230769231,,
11/20/2025,SAC,1,Devin Carter,MEM,5.666666666666667,,23.818181818181817,,,1.5,,5.181818181818182,,,2.0,,5.090909090909091,,,4.833333333333333,,28.90909090909091,,,4.333333333333333,,29.0,,,3.5,,10.272727272727273,,,6.333333333333333,,34.09090909090909,,,2.0,,3.5454545454545454,,,1.2,,0.6363636363636364,,,1.0,,0.36363636363636365,,,1.1666666666666667,,1.0,,
11/20/2025,ORL,0,Tyus Jones,LAC,4.666666666666667,7.833333333333333,22.076923076923077,,,1.9166666666666667,7.333333333333333,5.461538461538462,,,1.625,2.5,4.076923076923077,,,3.727272727272727,10.333333333333334,26.153846153846153,,,3.923076923076923,15.166666666666666,27.53846153846154,,,2.769230769230769,9.833333333333334,9.538461538461538,,,4.571428571428571,17.666666666666668,31.615384615384617,,,1.3333333333333333,1.3333333333333333,3.1538461538461537,,,1.375,0.6666666666666666,1.3846153846153846,,,1.0,0.16666666666666666,0.46153846153846156,,,1.3,0.8333333333333334,1.8461538461538463,,
11/20/2025,PHI,1,Kyle Lowry,MIL,3.0,9.5,20.642857142857142,,,1.0,3.3333333333333335,6.0,,,,,,,,3.0,12.333333333333334,26.214285714285715,,,4.0,12.833333333333334,26.642857142857142,,,1.0,6.166666666666667,11.571428571428571,,,4.0,15.666666666666666,32.214285714285715,,,1.0,1.6666666666666667,2.0,,,1.0,0.8333333333333334,1.4285714285714286,,,,,,,,1.0,1.0,1.7142857142857142,,
11/20/2025,ATL,0,Vit Krejci,SAS,12.727272727272727,,23.636363636363637,,,1.9166666666666667,,4.7272727272727275,,,2.3333333333333335,,5.090909090909091,,,14.0,,28.727272727272727,,,13.583333333333334,,28.363636363636363,,,4.25,,9.818181818181818,,,15.916666666666666,,33.45454545454545,,,3.1818181818181817,,2.8181818181818183,,,2.6666666666666665,,1.9090909090909092,,,1.0,,0.2727272727272727,,,1.8333333333333333,,2.1818181818181817,,
11/20/2025,MEM,1,Vince Williams Jr.,SAC,9.555555555555555,0.5,19.90909090909091,14.5,-4.944444444444445,3.7777777777777777,0.25,4.2727272727272725,5.5,-1.7222222222222223,4.7,2.25,4.681818181818182,5.5,-0.7999999999999998,13.3,2.75,24.59090909090909,19.5,-6.199999999999999,12.0,0.75,24.181818181818183,19.5,-7.5,8.1,2.5,8.954545454545455,10.5,-2.4000000000000004,16.7,3.0,28.863636363636363,25.5,-8.8,1.875,0.0,2.772727272727273,2.5,-0.625,1.4,0.25,1.1818181818181819,,,1.0,0.25,0.45454545454545453,,,1.5,0.5,1.6363636363636365,,
11/20/2025,SAC,1,Zach LaVine,MEM,22.666666666666668,,18.181818181818183,18.5,4.166666666666668,2.4545454545454546,,3.4545454545454546,2.5,-0.045454545454545414,3.5,,3.727272727272727,3.5,0.0,26.166666666666668,,21.90909090909091,22.5,3.666666666666668,24.916666666666668,,21.636363636363637,21.5,3.416666666666668,5.75,,7.181818181818182,6.5,-0.75,28.416666666666668,,25.363636363636363,25.5,2.916666666666668,3.1666666666666665,,2.6363636363636362,2.5,0.6666666666666665,1.1666666666666667,,1.3636363636363635,,,1.0,,0.36363636363636365,,,1.2857142857142858,,1.7272727272727273,,
11/20/2025,ORL,0,Desmond Bane,LAC,16.933333333333334,19.0,15.714285714285714,20.5,-3.5666666666666664,4.466666666666667,4.833333333333333,4.571428571428571,5.5,-1.0333333333333332,4.714285714285714,5.333333333333333,4.214285714285714,4.5,0.2142857142857144,21.333333333333332,24.333333333333332,19.928571428571427,25.5,-4.166666666666668,21.4,23.833333333333332,20.285714285714285,25.5,-4.100000000000001,8.866666666666667,10.166666666666666,8.785714285714286,10.5,-1.6333333333333329,25.8,29.166666666666668,24.5,31.5,-5.699999999999999,1.9166666666666667,3.1666666666666665,2.142857142857143,2.5,-0.5833333333333333,1.8333333333333333,1.0,1.2142857142857142,0.5,1.3333333333333333,1.6666666666666667,0.16666666666666666,0.5714285714285714,,,2.2857142857142856,1.1666666666666667,1.7857142857142858,,
11/20/2025,MEM,1,Jaylen Wells,SAC,9.466666666666667,,19.90909090909091,12.5,-3.033333333333333,2.090909090909091,,4.2727272727272725,2.5,-0.40909090909090917,3.4,,4.681818181818182,3.5,-0.10000000000000009,12.866666666666667,,24.59090909090909,15.5,-2.633333333333333,11.0,,24.181818181818183,14.5,-3.5,4.933333333333334,,8.954545454545455,5.5,-0.5666666666666664,14.4,,28.863636363636363,17.5,-3.0999999999999996,1.8333333333333333,,2.772727272727273,1.5,0.33333333333333326,1.6666666666666667,,1.1818181818181819,,,,,,,,1.6666666666666667,,1.6363636363636365,,
11/20/2025,ATL,0,Dyson Daniels,SAS,8.5,6.5,16.363636363636363,11.5,-3.0,5.6875,3.5,4.2727272727272725,5.5,0.1875,5.6875,5.333333333333333,3.909090909090909,5.5,0.1875,14.1875,11.833333333333334,20.272727272727273,17.5,-3.3125,14.1875,10.0,20.636363636363637,17.5,-3.3125,11.375,8.833333333333334,8.181818181818182,11.5,-0.125,19.875,15.333333333333334,24.545454545454547,23.5,-3.625,1.0,0.5,2.272727272727273,,,2.25,1.5,0.9090909090909091,2.5,-0.25,1.0,0.0,0.36363636363636365,0.5,0.5,2.6875,1.5,1.2727272727272727,3.5,-0.8125
11/20/2025,SAS,0,Devin Vassell,ATL,13.571428571428571,18.0,15.818181818181818,16.5,-2.928571428571429,3.0,3.5,3.8181818181818183,3.5,-0.5,3.5,3.75,4.0,4.5,-1.0,17.071428571428573,21.75,19.818181818181817,20.5,-3.428571428571427,16.142857142857142,21.5,19.636363636363637,20.5,-4.357142857142858,6.071428571428571,7.25,7.818181818181818,7.5,-1.4285714285714288,19.642857142857142,25.25,23.636363636363637,24.5,-4.857142857142858,3.090909090909091,2.75,2.090909090909091,2.5,0.5909090909090908,2.0,1.5,1.0,1.5,0.5,1.3333333333333333,0.25,0.18181818181818182,,,2.0,1.75,1.1818181818181819,,
11/20/2025,MIL,1,Gary Trent Jr.,PHI,10.2,14.75,18.375,12.5,-2.3000000000000007,2.3076923076923075,1.125,3.9375,,,2.4,3.125,3.5,2.5,-0.10000000000000009,11.8,17.875,21.875,14.5,-2.6999999999999993,12.2,15.875,22.3125,,,3.6,4.25,7.4375,,,13.8,19.0,25.8125,,,2.4285714285714284,3.375,2.5625,2.5,-0.07142857142857162,1.6,1.375,1.0,1.5,0.10000000000000009,1.0,0.0,0.6875,,,1.7,1.375,1.6875,,
11/20/2025,PHI,1,Quentin Grimes,MIL,16.76923076923077,9.166666666666666,18.666666666666668,14.5,2.26923076923077,4.3076923076923075,3.1666666666666665,3.4166666666666665,3.5,0.8076923076923075,3.8461538461538463,3.0,4.5,3.5,0.34615384615384626,20.615384615384617,12.166666666666666,23.166666666666668,18.5,2.1153846153846168,21.076923076923077,12.333333333333334,22.083333333333332,18.5,2.5769230769230766,8.153846153846153,6.166666666666667,7.916666666666667,7.5,0.6538461538461533,24.923076923076923,15.333333333333334,26.583333333333332,22.5,2.4230769230769234,2.6666666666666665,1.6666666666666667,3.0,2.5,0.16666666666666652,1.7142857142857142,0.5,1.0,,,1.3333333333333333,0.16666666666666666,0.3333333333333333,,,2.5,0.6666666666666666,1.3333333333333333,,
11/20/2025,MEM,1,Cedric Coward,SAC,14.333333333333334,,19.90909090909091,16.5,-2.166666666666666,2.8666666666666667,,4.2727272727272725,3.5,-0.6333333333333333,6.4,,4.681818181818182,6.5,-0.09999999999999964,20.733333333333334,,24.59090909090909,23.5,-2.7666666666666657,17.2,,24.181818181818183,19.5,-2.3000000000000007,9.266666666666667,,8.954545454545455,10.5,-1.2333333333333325,23.6,,28.863636363636363,26.5,-2.8999999999999986,2.8,,2.772727272727273,1.5,1.2999999999999998,2.0,,1.1818181818181819,,,1.2,,0.45454545454545453,,,2.0,,1.6363636363636365,,
11/20/2025,PHI,1,VJ Edgecombe,MIL,15.461538461538462,,18.666666666666668,14.5,0.9615384615384617,4.3076923076923075,,3.4166666666666665,3.5,0.8076923076923075,5.6923076923076925,,4.5,5.5,0.1923076923076925,21.153846153846153,,23.166666666666668,20.5,0.6538461538461533,19.76923076923077,,22.083333333333332,18.5,1.26923076923077,10.0,,7.916666666666667,8.5,1.5,25.46153846153846,,26.583333333333332,23.5,1.96153846153846,2.4545454545454546,,3.0,1.5,0.9545454545454546,1.7777777777777777,,1.0,1.5,0.2777777777777777,1.25,,0.3333333333333333,,,2.1,,1.3333333333333333,,
11/20/2025,SAC,1,Malik Monk,MEM,14.4,23.333333333333332,18.181818181818183,13.5,0.9000000000000004,2.3,5.666666666666667,3.4545454545454546,2.5,-0.20000000000000018,1.7,3.1666666666666665,3.727272727272727,,,14.636363636363637,26.5,21.90909090909091,,,16.7,29.0,21.636363636363637,15.5,1.1999999999999993,3.6363636363636362,8.833333333333334,7.181818181818182,,,16.727272727272727,32.166666666666664,25.363636363636363,19.5,-2.7727272727272734,2.75,3.3333333333333335,2.6363636363636362,1.5,1.25,1.25,0.5,1.3636363636363635,0.5,0.75,1.6666666666666667,0.5,0.36363636363636365,,,1.875,1.0,1.7272727272727273,,
11/20/2025,ATL,0,Nickeil Alexander-Walker,SAS,18.142857142857142,9.25,16.363636363636363,17.5,0.6428571428571423,3.5714285714285716,3.75,4.2727272727272725,3.5,0.07142857142857162,2.7857142857142856,2.875,3.909090909090909,3.5,-0.7142857142857144,20.928571428571427,12.125,20.272727272727273,21.5,-0.571428571428573,21.714285714285715,13.0,20.636363636363637,21.5,0.2142857142857153,6.357142857142857,6.625,8.181818181818182,6.5,-0.14285714285714324,24.5,15.875,24.545454545454547,24.5,0.0,1.9230769230769231,1.375,2.272727272727273,2.5,-0.5769230769230769,1.6666666666666667,0.625,0.9090909090909091,,,1.625,0.25,0.36363636363636365,,,2.3333333333333335,0.875,1.2727272727272727,,
11/20/2025,LAC,0,Bogdan Bogdanovic,ORL,11.0,13.4,17.076923076923077,11.5,-0.5,3.857142857142857,1.6,3.5384615384615383,2.5,1.3571428571428572,4.285714285714286,3.6,3.769230769230769,3.5,0.7857142857142856,13.375,17.0,20.846153846153847,14.5,-1.125,13.0,15.0,20.615384615384617,14.5,-1.5,7.125,5.2,7.3076923076923075,6.5,0.625,16.75,18.6,24.384615384615383,18.5,-1.75,2.3333333333333335,2.6,1.7692307692307692,1.5,0.8333333333333335,2.3333333333333335,1.8,1.3076923076923077,,,1.0,0.4,0.5384615384615384,,,2.0,2.2,1.8461538461538463,,
11/20/2025,MEM,1,Kentavious Caldwell-Pope,SAC,8.214285714285714,10.25,19.90909090909091,8.5,-0.2857142857142865,3.2857142857142856,2.5,4.2727272727272725,2.5,0.7857142857142856,3.0,3.0,4.681818181818182,,,10.266666666666667,13.25,24.59090909090909,,,10.733333333333333,12.75,24.181818181818183,11.5,-0.7666666666666675,5.666666666666667,5.5,8.954545454545455,,,13.333333333333334,15.75,28.863636363636363,,,1.5555555555555556,1.75,2.772727272727273,1.5,0.05555555555555558,1.3333333333333333,2.25,1.1818181818181819,,,1.0,0.25,0.45454545454545453,,,1.6,2.5,1.6363636363636365,,
11/20/2025,MEM,1,Cam Spencer,SAC,9.133333333333333,,19.90909090909091,,,3.0,,4.2727272727272725,,,2.3076923076923075,,4.681818181818182,,,11.133333333333333,,24.59090909090909,,,12.133333333333333,,24.181818181818183,,,5.0,,8.954545454545455,,,14.133333333333333,,28.863636363636363,,,2.3076923076923075,,2.772727272727273,,,1.4285714285714286,,1.1818181818181819,,,1.0,,0.45454545454545453,,,1.375,,1.6363636363636365,,
11/20/2025,ORL,0,Jase Richardson,LAC,3.0,,15.714285714285714,,,1.2,,4.571428571428571,,,1.0,,4.214285714285714,,,2.0,,19.928571428571427,,,1.5,,20.285714285714285,,,1.1666666666666667,,8.785714285714286,,,1.4285714285714286,,24.5,,,,,,,,,,,,,,,,,,,,,,
11/20/2025,SAS,0,Lindy Waters III,ATL,3.75,4.75,15.818181818181818,,,1.5,0.5,3.8181818181818183,,,1.4,1.5,4.0,,,4.4,6.25,19.818181818181817,,,4.5,5.25,19.636363636363637,,,2.0,2.0,7.818181818181818,,,5.0,6.75,23.636363636363637,,,1.25,1.25,2.090909090909091,,,,,,,,,,,,,,,,,
11/20/2025,LAC,0,Cam Christie,ORL,5.75,,17.076923076923077,,,2.0,,3.5384615384615383,,,2.142857142857143,,3.769230769230769,,,6.777777777777778,,20.846153846153847,,,6.75,,20.615384615384617,,,3.2857142857142856,,7.3076923076923075,,,7.666666666666667,,24.384615384615383,,,1.1666666666666667,,1.7692307692307692,,,1.0,,1.3076923076923077,,,1.0,,0.5384615384615384,,,1.0,,1.8461538461538463,,
11/20/2025,MEM,1,John Konchar,SAC,4.428571428571429,2.8,19.90909090909091,,,1.75,0.8,4.2727272727272725,,,2.5,4.4,4.681818181818182,,,5.083333333333333,7.2,24.59090909090909,,,5.0,3.6,24.181818181818183,,,3.6666666666666665,5.2,8.954545454545455,,,6.25,8.0,28.863636363636363,,,1.2,0.4,2.772727272727273,,,1.6666666666666667,1.0,1.1818181818181819,,,1.25,0.6,0.45454545454545453,,,2.5,1.6,1.6363636363636365,,
11/20/2025,MIL,1,Gary Harris,PHI,5.0,,18.375,,,1.3333333333333333,,3.9375,,,1.0,,3.5,,,4.8,,21.875,,,4.0,,22.3125,,,1.6,,7.4375,,,4.666666666666667,,25.8125,,,2.0,,2.5625,,,1.25,,1.0,,,1.0,,0.6875,,,1.4,,1.6875,,
11/20/2025,LAC,0,Bradley Beal,ORL,8.166666666666666,,17.076923076923077,,,2.0,,3.5384615384615383,,,1.0,,3.769230769230769,,,9.0,,20.846153846153847,,,9.833333333333334,,20.615384615384617,,,2.5,,7.3076923076923075,,,10.666666666666666,,24.384615384615383,,,1.4,,1.7692307692307692,,,1.0,,1.3076923076923077,,,,,,,,1.0,,1.8461538461538463,,
11/20/2025,ATL,0,Luke Kennard,SAS,8.846153846153847,10.0,16.363636363636363,,,2.25,3.0,4.2727272727272725,,,2.4166666666666665,4.0,3.909090909090909,,,10.285714285714286,14.0,20.272727272727273,,,10.923076923076923,13.0,20.636363636363637,,,4.0,7.0,8.181818181818182,,,12.214285714285714,17.0,24.545454545454547,,,2.3,1.6666666666666667,2.272727272727273,,,1.5,0.5,0.9090909090909091,,,1.0,0.0,0.36363636363636365,,,1.6,0.5,1.2727272727272727,,
11/20/2025,MIL,1,A.J. Green,PHI,10.866666666666667,6.666666666666667,18.375,,,2.5454545454545454,0.5,3.9375,,,2.642857142857143,1.8333333333333333,3.5,,,13.333333333333334,8.5,21.875,,,12.733333333333333,7.166666666666667,22.3125,,,4.333333333333333,2.3333333333333335,7.4375,,,15.2,9.0,25.8125,,,3.066666666666667,1.6666666666666667,2.5625,,,1.2,0.5,1.0,,,1.0,0.0,0.6875,,,1.1666666666666667,0.5,1.6875,,
11/20/2025,SAC,1,Nique Clifford,MEM,6.714285714285714,,18.181818181818183,,,2.75,,3.4545454545454546,,,3.75,,3.727272727272727,,,8.555555555555555,,21.90909090909091,,,7.666666666666667,,21.636363636363637,,,5.777777777777778,,7.181818181818182,,,9.9,,25.363636363636363,,,1.5,,2.6363636363636362,,,1.3333333333333333,,1.3636363636363635,,,1.0,,0.36363636363636365,,,1.3333333333333333,,1.7272727272727273,,
11/20/2025,MIL,1,Amir Coffey,PHI,3.5,7.5,18.375,,,1.4,1.5,3.9375,,,1.75,1.75,3.5,,,3.5,9.25,21.875,,,3.5,9.0,22.3125,,,2.1,3.25,7.4375,,,3.8181818181818183,10.75,25.8125,,,1.0,1.75,2.5625,,,,,,,,1.0,0.25,0.6875,,,1.0,0.5,1.6875,,
11/20/2025,PHI,1,Eric Gordon,MIL,8.0,5.0,18.666666666666668,,,1.0,2.2,3.4166666666666665,,,,,,,,8.0,6.4,23.166666666666668,,,4.5,7.2,22.083333333333332,,,1.0,3.6,7.916666666666667,,,4.5,8.6,26.583333333333332,,,2.0,1.0,3.0,,,1.0,0.2,1.0,,,,,,,,1.0,0.6,1.3333333333333333,,
11/20/2025,SAC,1,Keon Ellis,MEM,7.615384615384615,4.5,18.181818181818183,,,1.2857142857142858,1.5,3.4545454545454546,,,1.75,1.8333333333333333,3.727272727272727,,,8.571428571428571,6.333333333333333,21.90909090909091,,,7.714285714285714,6.0,21.636363636363637,,,2.3076923076923075,3.3333333333333335,7.181818181818182,,,9.214285714285714,7.833333333333333,25.363636363636363,,,2.0,1.0,2.6363636363636362,,,2.0,0.8333333333333334,1.3636363636363635,,,1.3333333333333333,1.0,0.36363636363636365,,,2.4,1.8333333333333333,1.7272727272727273,,
11/20/2025,SAS,0,Keldon Johnson,ATL,11.571428571428571,10.25,20.46153846153846,14.5,-2.928571428571429,1.8461538461538463,1.75,2.6923076923076925,2.5,-0.6538461538461537,6.214285714285714,6.0,5.3076923076923075,6.5,-0.2857142857142856,17.785714285714285,16.25,25.76923076923077,21.5,-3.7142857142857153,13.285714285714286,12.0,23.153846153846153,17.5,-4.2142857142857135,7.928571428571429,7.75,8.0,8.5,-0.5714285714285712,19.5,18.0,28.46153846153846,23.5,-4.0,1.3333333333333333,1.0,2.3076923076923075,1.5,-0.16666666666666674,1.3333333333333333,1.25,1.4615384615384615,,,1.0,0.0,0.23076923076923078,,,1.3,1.25,1.6923076923076923,,
11/20/2025,ATL,0,Zaccharie Risacher,SAS,12.76923076923077,,17.65,11.5,1.26923076923077,2.5,,3.6,1.5,1.0,2.9166666666666665,,5.45,2.5,0.4166666666666665,15.461538461538462,,23.1,14.5,0.9615384615384617,14.307692307692308,,21.25,13.5,0.8076923076923084,4.583333333333333,,9.05,4.5,0.08333333333333304,17.0,,26.7,16.5,0.5,1.9090909090909092,,2.45,1.5,0.40909090909090917,1.5555555555555556,,1.3,,,1.1666666666666667,,0.1,,,2.1,,1.4,,
11/20/2025,PHI,1,Justin Edwards,MIL,7.444444444444445,4.75,21.071428571428573,6.5,0.9444444444444446,1.625,1.0,3.357142857142857,,,2.5,4.25,6.928571428571429,2.5,0.0,8.7,9.0,28.0,9.5,-0.8000000000000007,8.0,5.75,24.428571428571427,,,3.6666666666666665,5.25,10.285714285714286,,,10.0,10.0,31.357142857142858,,,2.2857142857142856,0.75,2.142857142857143,,,1.0,0.5,1.1428571428571428,,,1.0,0.25,0.8571428571428571,,,1.3333333333333333,0.75,2.0,,
11/20/2025,ORL,0,Franz Wagner,LAC,22.8,15.5,17.571428571428573,23.5,-0.6999999999999993,3.8,4.5,3.4285714285714284,4.5,-0.7000000000000002,6.4,5.5,5.571428571428571,6.5,-0.09999999999999964,29.2,21.0,23.142857142857142,29.5,-0.3000000000000007,26.6,20.0,21.0,27.5,-0.8999999999999986,10.2,10.0,9.0,10.5,-0.3000000000000007,33.0,25.5,26.571428571428573,33.5,-0.5,2.0833333333333335,0.75,2.9285714285714284,1.5,0.5833333333333335,1.7,2.0,1.1428571428571428,1.5,0.19999999999999996,1.1666666666666667,0.5,0.42857142857142855,0.5,0.6666666666666667,1.8461538461538463,2.5,1.5714285714285714,1.5,0.34615384615384626
11/20/2025,ATL,0,Jalen Johnson,SAS,22.642857142857142,,17.65,22.5,0.14285714285714235,7.071428571428571,,3.6,6.5,0.5714285714285712,10.071428571428571,,5.45,9.5,0.5714285714285712,32.714285714285715,,23.1,31.5,1.2142857142857153,29.714285714285715,,21.25,29.5,0.2142857142857153,17.142857142857142,,9.05,16.5,0.6428571428571423,39.785714285714285,,26.7,38.5,1.2857142857142847,2.2222222222222223,,2.45,1.5,0.7222222222222223,2.2142857142857144,,1.3,1.5,0.7142857142857144,1.0,,0.1,0.5,0.5,2.5,,1.4,1.5,1.0
11/20/2025,SAS,0,Julian Champagnie,ATL,10.461538461538462,10.75,20.46153846153846,10.5,-0.038461538461538325,1.6,1.25,2.6923076923076925,,,4.428571428571429,2.75,5.3076923076923075,4.5,-0.07142857142857117,14.142857142857142,13.5,25.76923076923077,15.5,-1.3571428571428577,10.857142857142858,12.0,23.153846153846153,,,5.571428571428571,4.0,8.0,,,15.285714285714286,14.75,28.46153846153846,16.5,-1.2142857142857135,2.4166666666666665,3.25,2.3076923076923075,2.5,-0.08333333333333348,1.875,2.0,1.4615384615384615,,,1.0,0.25,0.23076923076923078,,,1.9,2.25,1.6923076923076923,,
11/20/2025,SAC,1,Doug McDermott,MEM,6.0,1.6,17.11764705882353,,,,,,,,,,,,,6.0,1.6,22.529411764705884,,,6.0,2.0,21.11764705882353,,,,,,,,6.0,2.0,26.529411764705884,,,2.0,0.4,2.0,,,,,,,,,,,,,,,,,
11/20/2025,ORL,0,Jett Howard,LAC,4.0,,17.571428571428573,,,1.75,,3.4285714285714284,,,1.5,,5.571428571428571,,,4.25,,23.142857142857142,,,4.375,,21.0,,,2.6,,9.0,,,4.555555555555555,,26.571428571428573,,,1.1428571428571428,,2.9285714285714284,,,1.0,,1.1428571428571428,,,1.0,,0.42857142857142855,,,1.3333333333333333,,1.5714285714285714,,
11/20/2025,LAC,0,Derrick Jones Jr.,ORL,10.461538461538462,,19.8,,,1.75,,3.4,,,2.5833333333333335,,6.266666666666667,,,12.846153846153847,,26.066666666666666,,,11.538461538461538,,23.2,,,3.4615384615384617,,9.666666666666666,,,13.923076923076923,,29.466666666666665,,,2.0,,1.3333333333333333,,,1.375,,1.1333333333333333,,,1.3636363636363635,,0.4,,,2.3636363636363638,,1.5333333333333334,,
11/20/2025,LAC,0,Kawhi Leonard,ORL,24.333333333333332,,19.8,,,3.5,,3.4,,,5.666666666666667,,6.266666666666667,,,30.0,,26.066666666666666,,,27.833333333333332,,23.2,,,9.166666666666666,,9.666666666666666,,,33.5,,29.466666666666665,,,2.3333333333333335,,1.3333333333333333,,,2.5,,1.1333333333333333,,,1.3333333333333333,,0.4,,,3.1666666666666665,,1.5333333333333334,,
11/20/2025,ORL,0,Tristan Da Silva,LAC,12.714285714285714,,17.571428571428573,,,1.6,,3.4285714285714284,,,3.8666666666666667,,5.571428571428571,,,15.733333333333333,,23.142857142857142,,,12.933333333333334,,21.0,,,4.933333333333334,,9.0,,,16.8,,26.571428571428573,,,2.8181818181818183,,2.9285714285714284,,,2.0,,1.1428571428571428,,,1.0,,0.42857142857142855,,,1.8888888888888888,,1.5714285714285714,,
11/20/2025,MIL,1,Thanasis Antetokounmpo,PHI,2.0,,18.928571428571427,,,,,,,,1.0,,6.071428571428571,,,1.5,,25.0,,,2.0,,22.642857142857142,,,1.0,,9.785714285714286,,,1.5,,28.714285714285715,,,,,,,,1.0,,1.0,,,2.0,,0.2857142857142857,,,1.5,,1.2857142857142858,,
11/20/2025,MEM,1,Santi Aldama,SAC,12.466666666666667,12.5,21.363636363636363,16.5,-4.033333333333333,2.5714285714285716,1.25,3.272727272727273,3.5,-0.9285714285714284,6.8,7.0,6.2727272727272725,6.5,0.2999999999999998,19.266666666666666,19.5,27.636363636363637,23.5,-4.233333333333334,14.866666666666667,13.75,24.636363636363637,20.5,-5.633333333333333,9.2,8.25,9.545454545454545,10.5,-1.3000000000000007,21.666666666666668,20.75,30.90909090909091,27.5,-5.833333333333332,1.5384615384615385,2.75,2.090909090909091,1.5,0.03846153846153855,1.6,1.75,0.9090909090909091,,,1.5,0.25,0.18181818181818182,,,2.272727272727273,2.0,1.0909090909090908,,
11/20/2025,MIL,1,Bobby Portis,PHI,9.733333333333333,12.5,17.142857142857142,13.5,-3.7666666666666675,1.7,2.5,3.0,,,5.533333333333333,6.333333333333333,6.428571428571429,7.5,-1.9666666666666668,15.266666666666667,18.833333333333332,23.571428571428573,20.5,-5.2333333333333325,10.866666666666667,15.0,20.142857142857142,,,6.666666666666667,8.833333333333334,9.428571428571429,,,16.4,21.333333333333332,26.571428571428573,,,1.6666666666666667,1.0,1.7142857142857142,1.5,0.16666666666666674,1.6666666666666667,0.6666666666666666,0.8571428571428571,,,1.0,0.8333333333333334,1.5714285714285714,,,2.0,1.5,2.4285714285714284,,
11/20/2025,LAC,0,John Collins,ORL,11.928571428571429,,14.181818181818182,14.5,-2.571428571428571,1.2857142857142858,,2.8181818181818183,,,4.785714285714286,,5.454545454545454,5.5,-0.7142857142857144,16.714285714285715,,19.636363636363637,20.5,-3.7857142857142847,12.571428571428571,,17.0,,,5.428571428571429,,8.272727272727273,,,17.357142857142858,,22.454545454545453,,,1.3333333333333333,,1.9090909090909092,1.5,-0.16666666666666674,1.3333333333333333,,0.8181818181818182,,,1.4,,0.9090909090909091,,,1.9,,1.7272727272727273,,
11/20/2025,PHI,1,Paul George,MIL,9.0,10.25,18.3125,11.5,-2.5,3.0,1.75,4.25,2.5,0.5,7.0,2.5,6.3125,3.5,3.5,16.0,12.75,24.625,15.5,0.5,12.0,12.0,22.5625,14.5,-2.5,10.0,4.25,10.5625,6.5,3.5,19.0,14.5,28.875,18.5,0.5,1.0,2.0,1.75,1.5,-0.5,,,,,,2.0,0.25,0.75,,,2.0,1.5,2.0625,,
11/20/2025,MIL,1,Kyle Kuzma,PHI,13.285714285714286,18.714285714285715,17.142857142857142,15.5,-2.2142857142857135,2.4,3.857142857142857,3.0,2.5,-0.10000000000000009,4.428571428571429,5.428571428571429,6.428571428571429,5.5,-1.0714285714285712,17.714285714285715,24.142857142857142,23.571428571428573,21.5,-3.7857142857142847,15.0,22.571428571428573,20.142857142857142,18.5,-3.5,6.142857142857143,9.285714285714286,9.428571428571429,8.5,-2.3571428571428568,19.428571428571427,28.0,26.571428571428573,24.5,-5.071428571428573,1.625,2.0,1.7142857142857142,1.5,0.125,1.5714285714285714,0.2857142857142857,0.8571428571428571,,,1.1428571428571428,1.4285714285714286,1.5714285714285714,,,1.9,1.7142857142857142,2.4285714285714284,,
11/20/2025,SAS,0,Jeremy Sochan,ATL,6.75,22.75,20.46153846153846,8.5,-1.75,2.1666666666666665,4.0,3.4615384615384617,2.5,-0.3333333333333335,3.125,7.0,8.0,5.5,-2.375,9.875,29.75,28.46153846153846,13.5,-3.625,8.375,26.75,23.923076923076923,10.5,-2.125,4.75,11.0,11.461538461538462,7.5,-2.75,11.5,33.75,31.923076923076923,16.5,-5.0,1.4,1.5,2.230769230769231,,,1.0,1.25,1.0,,,2.0,1.0,0.6153846153846154,,,1.6666666666666667,2.25,1.6153846153846154,,
11/20/2025,SAS,0,Harrison Barnes,ATL,12.857142857142858,13.25,20.46153846153846,13.5,-0.6428571428571423,2.5,0.75,3.4615384615384617,2.5,0.0,3.1538461538461537,3.25,8.0,3.5,-0.34615384615384626,15.785714285714286,16.5,28.46153846153846,17.5,-1.7142857142857135,15.0,14.0,23.923076923076923,16.5,-1.5,5.071428571428571,4.0,11.461538461538462,5.5,-0.4285714285714288,17.928571428571427,17.25,31.923076923076923,19.5,-1.571428571428573,2.769230769230769,1.25,2.230769230769231,2.5,0.26923076923076916,1.5,0.75,1.0,,,1.3333333333333333,0.0,0.6153846153846154,,,1.9,0.75,1.6153846153846154,,
11/20/2025,SAC,1,DeMar DeRozan,MEM,18.785714285714285,25.0,18.0,18.5,0.2857142857142847,3.769230769230769,4.6,4.0,3.5,0.26923076923076916,3.2857142857142856,4.8,7.083333333333333,3.5,-0.2142857142857144,22.071428571428573,29.8,25.083333333333332,21.5,0.571428571428573,22.285714285714285,29.6,22.0,22.5,-0.2142857142857153,6.785714285714286,9.4,11.083333333333334,7.5,-0.7142857142857144,25.571428571428573,34.4,29.083333333333332,25.5,0.07142857142857295,2.1666666666666665,2.4,1.8333333333333333,,,1.4545454545454546,0.4,1.3333333333333333,0.5,0.9545454545454546,1.0,0.6,1.0,,,1.6363636363636365,1.0,2.3333333333333335,,
11/20/2025,LAC,0,Nicolas Batum,ORL,4.916666666666667,3.25,14.181818181818182,,,1.5714285714285714,1.75,2.8181818181818183,,,3.1538461538461537,3.5,5.454545454545454,3.5,-0.34615384615384626,7.6923076923076925,6.75,19.636363636363637,8.5,-0.8076923076923075,5.384615384615385,5.0,17.0,,,4.0,5.25,8.272727272727273,,,8.538461538461538,8.5,22.454545454545453,,,1.5454545454545454,0.75,1.9090909090909092,1.5,0.045454545454545414,1.5,0.75,0.8181818181818182,,,1.6,0.25,0.9090909090909091,,,2.2222222222222223,1.0,1.7272727272727273,,
11/20/2025,PHI,1,Johni Broome,MIL,4.0,,18.3125,,,1.0,,4.25,,,2.0,,6.3125,,,6.0,,24.625,,,5.0,,22.5625,,,3.0,,10.5625,,,7.0,,28.875,,,,,,,,,,,,,,,,,,,,,,
11/20/2025,ORL,0,Jonathan Isaac,LAC,3.7777777777777777,,14.125,,,1.0,,2.75,,,3.5454545454545454,,5.125,,,6.636363636363637,,19.25,,,3.888888888888889,,16.875,,,3.6363636363636362,,7.875,,,6.7272727272727275,,22.0,,,1.0,,1.125,,,1.2,,1.25,,,1.6666666666666667,,0.625,,,1.5714285714285714,,1.875,,
11/20/2025,SAS,0,Carter Bryant,ATL,4.4,,20.46153846153846,,,,,,,,1.4285714285714286,,8.0,,,3.5555555555555554,,28.46153846153846,,,4.4,,23.923076923076923,,,1.4285714285714286,,11.461538461538462,,,3.5555555555555554,,31.923076923076923,,,1.0,,2.230769230769231,,,2.0,,1.0,,,1.0,,0.6153846153846154,,,1.5,,1.6153846153846154,,
11/20/2025,ATL,0,Mouhamed Gueye,SAS,7.571428571428571,,16.25,,,2.2,,3.0,,,4.714285714285714,,6.125,,,11.466666666666667,,22.375,,,9.142857142857142,,19.25,,,6.285714285714286,,9.125,,,12.933333333333334,,25.375,,,1.8333333333333333,,1.25,,,1.5,,1.0,,,1.5,,0.75,,,1.6666666666666667,,1.75,,
11/20/2025,PHI,1,Trendon Watford,MIL,9.88888888888889,4.8,18.3125,,,3.7,1.2,4.25,,,5.222222222222222,2.2,6.3125,,,15.11111111111111,7.0,24.625,,,12.6,6.0,22.5625,,,8.4,3.4,10.5625,,,17.3,8.2,28.875,,,1.25,0.0,1.75,,,1.3333333333333333,0.4,1.3125,,,1.0,0.0,0.75,,,1.2,0.4,2.0625,,
11/20/2025,MEM,1,GG Jackson II,SAC,4.0,,21.363636363636363,,,1.0,,3.272727272727273,,,1.5,,6.2727272727272725,,,5.0,,27.636363636363637,,,4.333333333333333,,24.636363636363637,,,1.3333333333333333,,9.545454545454545,,,5.333333333333333,,30.90909090909091,,,,,,,,1.0,,0.9090909090909091,,,,,,,,1.0,,1.0909090909090908,,
11/20/2025,ATL,0,Asa Newell,SAS,9.4,,16.25,,,1.0,,3.0,,,4.25,,6.125,,,12.8,,22.375,,,9.6,,19.25,,,4.5,,9.125,,,13.0,,25.375,,,1.6,,1.25,,,4.0,,1.0,,,1.0,,0.75,,,2.0,,1.75,,
11/20/2025,LAC,0,Kobe Brown,ORL,3.75,,14.181818181818182,,,1.75,,2.8181818181818183,,,2.142857142857143,,5.454545454545454,,,4.285714285714286,,19.636363636363637,,,3.6666666666666665,,17.0,,,3.142857142857143,,8.272727272727273,,,5.285714285714286,,22.454545454545453,,,1.0,,1.9090909090909092,,,,,,,,,,,,,,,,,
11/20/2025,MIL,1,Myles Turner,PHI,12.333333333333334,16.571428571428573,18.25,16.5,-4.166666666666666,2.1538461538461537,1.1428571428571428,2.125,,,6.266666666666667,6.428571428571429,10.875,7.5,-1.2333333333333334,18.6,23.0,29.125,23.5,-4.899999999999999,14.2,17.714285714285715,20.375,,,8.133333333333333,7.571428571428571,13.0,9.5,-1.3666666666666671,20.466666666666665,24.142857142857142,31.25,25.5,-5.033333333333335,2.5714285714285716,2.0,0.625,2.5,0.07142857142857162,2.111111111111111,1.0,1.375,,,2.0,1.4285714285714286,1.875,1.5,0.5,3.2142857142857144,2.4285714285714284,3.25,,
11/20/2025,SAS,0,Kelly Olynyk,ATL,5.25,6.75,13.090909090909092,7.5,-2.25,4.0,3.25,3.4545454545454546,3.5,0.5,4.0,3.75,9.636363636363637,4.5,-0.5,9.25,10.5,22.727272727272727,12.5,-3.25,7.4,10.0,16.545454545454547,11.5,-4.1,6.4,7.0,13.090909090909092,7.5,-1.0999999999999996,10.6,13.75,26.181818181818183,16.5,-5.9,1.0,0.25,0.36363636363636365,,,2.0,0.25,1.6363636363636365,,,,,,,,2.0,0.5,2.1818181818181817,,
11/20/2025,MEM,1,Zach Edey,SAC,10.5,,18.7,12.5,-2.0,2.0,,4.1,,,9.0,,12.4,9.5,-0.5,19.5,,31.1,22.5,-3.0,11.5,,22.8,,,10.0,,16.5,,,20.5,,35.2,,,,,,,,2.0,,1.5,,,2.0,,1.7,1.5,0.5,3.0,,3.2,,
11/20/2025,ORL,0,Goga Bitadze,LAC,6.357142857142857,2.5,19.77777777777778,4.5,1.8571428571428568,1.9,1.25,2.3333333333333335,,,4.866666666666666,1.0,10.11111111111111,4.5,0.36666666666666625,10.8,3.5,29.88888888888889,10.5,0.3000000000000007,7.2,3.75,22.11111111111111,,,6.133333333333334,2.25,12.444444444444445,,,12.066666666666666,4.75,32.22222222222222,,,1.0,0.0,1.1111111111111112,,,1.0,0.25,1.3333333333333333,,,1.7272727272727273,0.25,1.1111111111111112,,,2.076923076923077,0.5,2.4444444444444446,,
11/20/2025,MEM,1,Jock Landale,SAC,9.866666666666667,2.8,18.7,8.5,1.3666666666666671,2.0,1.6,4.1,,,5.533333333333333,1.8,12.4,4.5,1.0333333333333332,15.4,4.6,31.1,14.5,0.9000000000000004,11.6,4.4,22.8,,,7.266666666666667,3.4,16.5,,,17.133333333333333,6.2,35.2,,,1.7777777777777777,0.4,0.6,,,1.4285714285714286,0.4,1.5,,,1.1666666666666667,0.2,1.7,,,1.5454545454545454,0.6,3.2,,
11/20/2025,PHI,1,Andre Drummond,MIL,9.272727272727273,5.25,18.142857142857142,10.5,-1.2272727272727266,1.5,0.25,2.4285714285714284,,,9.583333333333334,7.0,10.428571428571429,12.5,-2.916666666666666,18.083333333333332,12.25,28.571428571428573,23.5,-5.416666666666668,10.090909090909092,5.5,20.571428571428573,,,10.333333333333334,7.25,12.857142857142858,,,18.833333333333332,12.5,31.0,,,1.4,0.0,0.42857142857142855,,,1.125,0.625,1.1428571428571428,,,1.25,0.125,0.42857142857142855,,,1.7272727272727273,0.75,1.5714285714285714,,
11/20/2025,ATL,0,Kristaps Porzingis,SAS,17.333333333333332,,19.857142857142858,16.5,0.8333333333333321,3.6666666666666665,,3.7142857142857144,2.5,1.1666666666666665,5.666666666666667,,8.857142857142858,5.5,0.16666666666666696,23.0,,28.714285714285715,22.5,0.5,21.0,,23.571428571428573,19.5,1.5,9.333333333333334,,12.571428571428571,8.5,0.8333333333333339,26.666666666666668,,32.42857142857143,25.5,1.1666666666666679,2.0,,1.4285714285714286,1.5,0.5,2.5,,1.0,0.5,2.0,2.0,,0.8571428571428571,1.5,0.5,2.375,,1.8571428571428572,1.5,0.875
11/20/2025,SAS,0,Luke Kornet,ATL,10.166666666666666,5.0,13.090909090909092,9.5,0.6666666666666661,2.3333333333333335,0.5714285714285714,3.4545454545454546,2.5,-0.16666666666666652,7.166666666666667,3.857142857142857,9.636363636363637,8.5,-1.333333333333333,14.857142857142858,8.857142857142858,22.727272727272727,17.5,-2.6428571428571423,10.714285714285714,5.571428571428571,16.545454545454547,11.5,-0.7857142857142865,8.142857142857142,4.428571428571429,13.090909090909092,10.5,-2.3571428571428577,16.857142857142858,9.428571428571429,26.181818181818183,20.5,-3.6428571428571423,,,,,,1.0,1.1428571428571428,1.6363636363636365,,,1.75,0.8571428571428571,0.5454545454545454,1.5,0.25,1.6,2.0,2.1818181818181817,,
11/20/2025,ATL,0,Onyeka Okongwu,SAS,17.0625,,19.857142857142858,16.5,0.5625,2.6666666666666665,,3.7142857142857144,2.5,0.16666666666666652,7.625,,8.857142857142858,7.5,0.125,24.6875,,28.714285714285715,23.5,1.1875,19.5625,,23.571428571428573,18.5,1.0625,10.125,,12.571428571428571,9.5,0.625,27.1875,,32.42857142857143,26.5,0.6875,2.769230769230769,,1.4285714285714286,1.5,1.2692307692307692,1.4545454545454546,,1.0,,,2.0,,0.8571428571428571,,,3.0,,1.8571428571428572,,
11/20/2025,LAC,0,Ivica Zubac,ORL,16.0,14.5,13.23076923076923,16.5,-0.5,2.142857142857143,2.75,2.230769230769231,1.5,0.6428571428571428,10.785714285714286,12.5,9.0,10.5,0.2857142857142865,26.785714285714285,27.0,22.23076923076923,28.5,-1.7142857142857153,18.142857142857142,17.25,15.461538461538462,18.5,-0.35714285714285765,12.928571428571429,15.25,11.23076923076923,13.5,-0.5714285714285712,28.928571428571427,29.75,24.46153846153846,30.5,-1.571428571428573,,,,,,1.3333333333333333,0.25,0.46153846153846156,0.5,0.8333333333333333,1.5555555555555556,0.5,1.3846153846153846,0.5,1.0555555555555556,1.8333333333333333,0.75,1.8461538461538463,1.5,0.33333333333333326
11/20/2025,ORL,0,Wendell Carter Jr.,LAC,12.733333333333333,,19.77777777777778,12.5,0.2333333333333325,1.9285714285714286,,2.3333333333333335,,,7.666666666666667,,10.11111111111111,8.5,-0.833333333333333,20.4,,29.88888888888889,21.5,-1.1000000000000014,14.533333333333333,,22.11111111111111,,,9.466666666666667,,12.444444444444445,,,22.2,,32.22222222222222,,,1.5833333333333333,,1.1111111111111112,1.5,0.08333333333333326,1.25,,1.3333333333333333,,,1.8571428571428572,,1.1111111111111112,0.5,1.3571428571428572,2.090909090909091,,2.4444444444444446,,
11/20/2025,MIL,1,Jericho Sims,PHI,1.8333333333333333,1.3846153846153846,18.25,,,1.3333333333333333,0.15384615384615385,2.125,,,3.0,2.230769230769231,10.875,,,3.625,3.6153846153846154,29.125,,,2.142857142857143,1.5384615384615385,20.375,,,3.6666666666666665,2.3846153846153846,13.0,,,4.125,3.769230769230769,31.25,,,,,,,,1.0,0.15384615384615385,1.375,,,1.0,0.23076923076923078,1.875,,,1.5,0.38461538461538464,3.25,,
11/20/2025,LAC,0,Yanic Konan Niederhauser,ORL,4.75,,13.23076923076923,,,2.0,,2.230769230769231,,,1.2,,9.0,,,5.0,,22.23076923076923,,,4.2,,15.461538461538462,,,1.6,,11.23076923076923,,,5.4,,24.46153846153846,,,,,,,,,,,,,1.0,,1.3846153846153846,,,1.0,,1.8461538461538463,,
11/20/2025,SAC,1,Dario Saric,MEM,5.0,6.2,20.428571428571427,,,2.0,1.4,3.5714285714285716,,,2.5,4.6,11.714285714285714,,,5.0,10.8,32.142857142857146,,,7.0,7.6,24.0,,,3.5,6.0,15.285714285714286,,,6.0,12.2,35.714285714285715,,,1.0,1.4,1.2857142857142858,,,,,,,,,,,,,,,,,
11/20/2025,SAS,0,Bismack Biyombo,ATL,2.0,,13.090909090909092,,,1.0,,3.4545454545454546,,,1.0,,9.636363636363637,,,1.3333333333333333,,22.727272727272727,,,2.0,,16.545454545454547,,,1.3333333333333333,,13.090909090909092,,,1.6666666666666667,,26.181818181818183,,,,,,,,1.5,,1.6363636363636365,,,1.0,,0.5454545454545454,,,1.3333333333333333,,2.1818181818181817,,
11/20/2025,SAC,1,Drew Eubanks,MEM,8.9,3.8,20.428571428571427,,,1.0,0.2,3.5714285714285716,,,2.7857142857142856,2.6,11.714285714285714,,,9.142857142857142,6.4,32.142857142857146,,,8.454545454545455,4.0,24.0,,,3.0714285714285716,2.8,15.285714285714286,,,9.428571428571429,6.6,35.714285714285715,,,,,,,,1.1666666666666667,0.0,1.4285714285714286,,,1.75,0.4,1.4285714285714286,,,2.3333333333333335,0.4,2.857142857142857,,
11/20/2025,LAC,0,Brook Lopez,ORL,7.153846153846154,10.0,13.23076923076923,,,1.6,0.875,2.230769230769231,,,2.5833333333333335,4.125,9.0,,,8.857142857142858,14.125,22.23076923076923,,,7.769230769230769,10.875,15.461538461538462,,,3.0,5.0,11.23076923076923,,,9.428571428571429,15.0,24.46153846153846,,,2.111111111111111,1.375,0.38461538461538464,,,1.0,0.625,0.46153846153846156,,,1.5714285714285714,2.25,1.3846153846153846,,,1.6,2.875,1.8461538461538463,,
11/20/2025,MEM,1,Jaren Jackson Jr.,SAC,17.866666666666667,20.0,18.7,,,1.8333333333333333,2.8333333333333335,4.1,,,5.266666666666667,3.1666666666666665,12.4,,,23.133333333333333,23.166666666666668,31.1,,,19.333333333333332,22.833333333333332,22.8,,,6.733333333333333,6.0,16.5,,,24.6,26.0,35.2,,,1.9230769230769231,0.8333333333333334,0.6,,,1.4,0.8333333333333334,1.5,,,2.375,0.8333333333333334,1.7,,,2.888888888888889,1.6666666666666667,3.2,,
11/20/2025,SAC,1,Precious Achiuwa,MEM,5.857142857142857,8.5,20.428571428571427,,,2.5,1.0,3.5714285714285716,,,4.142857142857143,2.5,11.714285714285714,,,10.0,11.0,32.142857142857146,,,6.571428571428571,9.5,24.0,,,4.857142857142857,3.5,15.285714285714286,,,10.714285714285714,12.0,35.714285714285715,,,,,,,,1.6666666666666667,1.75,1.4285714285714286,,,1.0,1.0,1.4285714285714286,,,1.6,2.75,2.857142857142857,,
11/20/2025,SAC,1,Maxime Raynaud,MEM,6.5,,20.428571428571427,,,1.3333333333333333,,3.5714285714285716,,,4.4,,11.714285714285714,,,8.0,,32.142857142857146,,,6.0,,24.0,,,5.2,,15.285714285714286,,,8.666666666666666,,35.714285714285715,,,,,,,,1.0,,1.4285714285714286,,,1.0,,1.4285714285714286,,,1.3333333333333333,,2.857142857142857,,
11/20/2025,PHI,1,Jared McCain,MIL,,,,,,1.3333333333333333,,3.4166666666666665,,,1.0,,4.5,,,1.0,,23.166666666666668,,,1.3333333333333333,,22.083333333333332,,,2.0,,7.916666666666667,,,2.0,,26.583333333333332,,,,,,,,1.0,,1.0,,,,,,,,1.0,,1.3333333333333333,,
11/20/2025,MIL,1,Andre Jackson Jr.,PHI,,,,,,2.0,0.42857142857142855,3.9375,,,1.0,0.8571428571428571,3.5,,,1.0,2.4285714285714284,21.875,,,2.0,2.0,22.3125,,,2.6666666666666665,1.2857142857142858,7.4375,,,2.6666666666666665,2.857142857142857,25.8125,,,,,,,,1.0,0.2857142857142857,1.0,,,1.0,0.0,0.6875,,,1.0,0.2857142857142857,1.6875,,
