Team,Player,Pos
ATL,Nickeil Alexander-Walker,SG
ATL,Mouhamed Gueye,PF
ATL,Dyson Daniels,SG
ATL,Onyeka Okongwu,C
ATL,Jalen Johnson,SF
ATL,Zaccharie Risacher,SF
ATL,Keaton Wallace,PG
ATL,Asa Newell,PF
ATL,CJ McCollum,PG
ATL,Corey Kispert,SF
ATL,Jock Landale,C
ATL,Caleb Houstan,SF
ATL,Gabe Vincent,PG
ATL,Christian Koloko,C
ATL,Jonathan Kuminga,PF
ATL,Buddy Hield,SG
ATL,RayJ Dennis,PG
ATL,Keshon Gilbert,SG
BOS,Payton Pritchard,PG
BOS,Derrick White,SG
BOS,Sam Hauser,PF
BOS,Neemias Queta,C
BOS,Baylor Scheierman,SG
BOS,Hugo Gonzalez,SF
BOS,Jaylen Brown,SF
BOS,Jordan Walsh,PF
BOS,Luka Garza,C
BOS,Ron Harper Jr.,SF
BOS,Amari Williams,PF
BOS,Nikola Vucevic,C
BOS,Jayson Tatum,PF
BOS,John Tonje,SG
BOS,Max Shulga,SG
BRK,Day'Ron Sharpe,C
BRK,Noah Clowney,PF
BRK,Nic Claxton,C
BRK,Terance Mann,SG
BRK,Michael Porter Jr.,SF
BRK,Egor Dmin,PG
BRK,Danny Wolf,PF
BRK,Drake Powell,SG
BRK,Ziaire Williams,SF
BRK,Jalen Wilson,PF
BRK,Nolan Traore,PG
BRK,Ben Saraf,SG
BRK,E.J. Liddell,PF
BRK,Ochai Agbaji,SG
BRK,Tyson Etienne,PG
BRK,Josh Minott,SF
BRK,Chaney Johnson,SF
CHO,Sion James,SG
CHO,Kon Knueppel,SF
CHO,Miles Bridges,PF
CHO,Moussa Diabate,C
CHO,LaMelo Ball,PG
CHO,Ryan Kalkbrenner,C
CHO,Brandon Miller,SF
CHO,Tre Mann,PG
CHO,Josh Green,SG
CHO,Tidjane Salaun,PF
CHO,Pat Connaughton,SG
CHO,Liam McNeeley,SF
CHO,Grant Williams,PF
CHO,PJ Hall,C
CHO,Antonio Reeves,SG
CHO,Xavier Tillman Sr.,C
CHO,Coby White,SG
CHO,Tosan Evbuomwan,SF
CHI,Matas Buzelis,PF
CHI,Patrick Williams,PF
CHI,Isaac Okoro,SG
CHI,Tre Jones,PG
CHI,Jalen Smith,C
CHI,Josh Giddey,PG
CHI,Lachlan Olbrich,C
CHI,Guerschon Yabusele,C
CHI,Nick Richards,C
CHI,Rob Dillingham,PG
CHI,Collin Sexton,SG
CHI,Leonard Miller,SF
CHI,Zach Collins,C
CHI,Yuki Kawamura,PG
CHI,Anfernee Simons,SG
CHI,Jaden Ivey,SG
CHI,Noa Essengue,PF
CHI,Mac McClung,SG
CLE,Jaylon Tyson,SG
CLE,Donovan Mitchell,SG
CLE,Craig Porter Jr.,PG
CLE,Evan Mobley,PF
CLE,Jarrett Allen,C
CLE,Nae'Qwan Tomlin,PF
CLE,Dean Wade,PF
CLE,Thomas Bryant,C
CLE,Sam Merrill,SG
CLE,Tyrese Proctor,PG
CLE,Larry Nance Jr.,PF
CLE,Dennis Schroder,PG
CLE,Keon Ellis,SG
CLE,James Harden,PG
CLE,Tristan Enaruna,SF
CLE,Riley Minix,SF
CLE,Max Strus,SF
CLE,Olivier Sarr,C
DAL,Naji Marshall,SF
DAL,Max Christie,SG
DAL,Klay Thompson,SF
DAL,Brandon Williams,PG
DAL,Caleb Martin,SF
DAL,Cooper Flagg,SF
DAL,Dwight Powell,C
DAL,P.J. Washington,PF
DAL,Daniel Gafford,C
DAL,Ryan Nembhard,PG
DAL,Moussa Cisse,C
DAL,Khris Middleton,SF
DAL,AJ Johnson,SG
DAL,Marvin Bagley III,PF
DAL,Dereck Lively II,C
DAL,John Poulakidas,SG
DAL,Kyrie Irving,SG
DAL,Tyler Smith,PF
DEN,Bruce Brown,SG
DEN,Tim Hardaway Jr.,SG
DEN,Jamal Murray,PG
DEN,Jonas Valanciunas,C
DEN,Spencer Jones,SF
DEN,Nikola Jokic,C
DEN,Peyton Watson,SF
DEN,Zeke Nnaji,PF
DEN,Julian Strawther,SG
DEN,Jalen Pickett,SG
DEN,Cameron Johnson,SF
DEN,Christian Braun,SG
DEN,Aaron Gordon,PF
DEN,DaRon Holmes,PF
DEN,Curtis Jones,SG
DEN,Tyus Jones,PG
DEN,KJ Simpson,PG
DEN,David Roddy,PF
DET,Javonte Green,SG
DET,Duncan Robinson,SF
DET,Ron Holland,SF
DET,Cade Cunningham,PG
DET,Ausar Thompson,SF
DET,Daniss Jenkins,PG
DET,Jalen Duren,C
DET,Isaiah Stewart,C
DET,Tobias Harris,PF
DET,Paul Reed,C
DET,Caris LeVert,SG
DET,Marcus Sasser,PG
DET,Chaz Lanier,SG
DET,Bobi Klintman,SF
DET,Kevin Huerter,SG
DET,Tolu Smith,PF
DET,Wendell Moore Jr.,SG
DET,Isaac Jones,PF
GSW,Brandin Podziemski,SG
GSW,Quinten Post,PF
GSW,Moses Moody,SG
GSW,Gary Payton II,SG
GSW,Will Richard,SG
GSW,Draymond Green,PF
GSW,Gui Santos,PF
GSW,Pat Spencer,PG
GSW,Al Horford,C
GSW,Stephen Curry,PG
GSW,Jimmy Butler,SF
GSW,De'Anthony Melton,PG
GSW,Malevy Leons,SF
GSW,LJ Cryer,PG
GSW,Nate Williams,SG
GSW,Kristaps Porzingis,C
GSW,Seth Curry,SG
HOU,Reed Sheppard,SG
HOU,Amen Thompson,PG
HOU,Kevin Durant,SF
HOU,Josh Okogie,SG
HOU,Jabari Smith Jr.,PF
HOU,Clint Capela,C
HOU,Alperen Sengun,C
HOU,Tari Eason,PF
HOU,Aaron Holiday,PG
HOU,Jae'Sean Tate,SF
HOU,Steven Adams,C
HOU,Dorian Finney-Smith,PF
HOU,JD Davison,PG
HOU,Jeff Green,PF
HOU,Isaiah Crawford,SF
HOU,Fred VanVleet,PG
HOU,Tristen Newton,SG
IND,Jay Huff,C
IND,Jarace Walker,PF
IND,Pascal Siakam,PF
IND,Ben Sheppard,SG
IND,Andrew Nembhard,PG
IND,T.J. McConnell,PG
IND,Aaron Nesmith,SF
IND,Quenton Jackson,PG
IND,Johnny Furphy,SG
IND,Micah Potter,C
IND,Taelon Peter,SG
IND,Kam Jones,SG
IND,Ethan Thompson,SG
IND,Kobe Brown,PF
IND,Obi Toppin,PF
IND,Jalen Slawson,SF
IND,Ivica Zubac,C
IND,Tyrese Haliburton,PG
LAC,Kris Dunn,PG
LAC,Nicolas Batum,PF
LAC,Brook Lopez,C
LAC,John Collins,PF
LAC,Kobe Sanders,SG
LAC,Kawhi Leonard,SF
LAC,Jordan Miller,SF
LAC,Cam Christie,SG
LAC,Yanic Konan Niederhauser,C
LAC,Derrick Jones Jr.,SF
LAC,Bogdan Bogdanovic,SG
LAC,Bennedict Mathurin,SF
LAC,Isaiah Jackson,C
LAC,TyTy Washington Jr.,PG
LAC,Bradley Beal,SG
LAC,Darius Garland,PG
LAC,Norchad Omier,PF
LAC,Sean Pedulla,PG
LAL,Jake LaRavia,PF
LAL,Deandre Ayton,C
LAL,Marcus Smart,SG
LAL,Jarred Vanderbilt,PF
LAL,Luka Doncic,PG
LAL,Rui Hachimura,PF
LAL,Jaxson Hayes,C
LAL,Dalton Knecht,SF
LAL,LeBron James,SF
LAL,Austin Reaves,SG
LAL,Maxi Kleber,PF
LAL,Bronny James,SG
LAL,Nick Smith Jr.,SG
LAL,Drew Timme,PF
LAL,Adou Thiero,SF
LAL,Luke Kennard,SG
LAL,Kobe Bufkin,SG
LAL,Chris Manon,SG
MEM,Jaylen Wells,SG
MEM,Cam Spencer,SG
MEM,Cedric Coward,SG
MEM,Kentavious Caldwell-Pope,SG
MEM,GG Jackson II,PF
MEM,Santi Aldama,PF
MEM,Olivier-Maxence Prosper,PF
MEM,Javon Small,PG
MEM,Jahmai Mashack,SG
MEM,Ja Morant,PG
MEM,Taylor Hendricks,PF
MEM,Ty Jerome,SG
MEM,Zach Edey,C
MEM,Walter Clayton,PG
MEM,Scotty Pippen Jr.,PG
MEM,Rayan Rupert,SG
MEM,Brandon Clarke,PF
MEM,Taj Gibson,C
MIA,Dru Smith,SG
MIA,Jaime Jaquez Jr.,SF
MIA,Kel'el Ware,C
MIA,Simone Fontecchio,SF
MIA,Bam Adebayo,C
MIA,Andrew Wiggins,SF
MIA,Pelle Larsson,SG
MIA,Davion Mitchell,PG
MIA,Norman Powell,SG
MIA,Nikola Jovic,PF
MIA,Kasparas Jakucionis,PG
MIA,Myron Gardner,SF
MIA,Keshad Johnson,SF
MIA,Tyler Herro,SG
MIA,Jahmir Young,PG
MIA,Vladislav Goldin,C
MIA,Trevor Keels,SG
MIA,Terry Rozier,PG
MIL,Ryan Rollins,PG
MIL,Bobby Portis,PF
MIL,Myles Turner,C
MIL,A.J. Green,SG
MIL,Kyle Kuzma,PF
MIL,Gary Trent Jr.,SG
MIL,Jericho Sims,C
MIL,Gary Harris,SG
MIL,Kevin Porter Jr.,PG
MIL,Giannis Antetokounmpo,PF
MIL,Andre Jackson Jr.,SG
MIL,Pete Nance,PF
MIL,Thanasis Antetokounmpo,SF
MIL,Cam Thomas,SG
MIL,Ousmane Dieng,C
MIL,Taurean Prince,SF
MIL,Alex Antetokounmpo,SF
MIL,Cormac Ryan,SG
MIN,Julius Randle,PF
MIN,Donte DiVincenzo,SG
MIN,Naz Reid,C
MIN,Jaden McDaniels,PF
MIN,Rudy Gobert,C
MIN,Jaylen Clark,SG
MIN,Bones Hyland,PG
MIN,Anthony Edwards,SG
MIN,Mike Conley,PG
MIN,Joan Beringer,PF
MIN,Terrence Shannon Jr.,SG
MIN,Joe Ingles,SF
MIN,Ayo Dosunmu,SG
MIN,Julian Phillips,SF
MIN,Rocco Zikarsky,C
MIN,Enrique Freeman,PF
MIN,Zyon Pullin,SG
NOP,Jeremiah Fears,PG
NOP,Derik Queen,C
NOP,Saddiq Bey,SF
NOP,Trey Murphy III,SF
NOP,Yves Missi,C
NOP,Karlo Matkovic,PF
NOP,Micah Peavy,SG
NOP,Zion Williamson,PF
NOP,Herbert Jones,SF
NOP,Bryce McGowens,SG
NOP,Jordan Hawkins,SG
NOP,Jordan Poole,PG
NOP,Kevon Looney,C
NOP,DeAndre Jordan,C
NOP,Dejounte Murray,PG
NOP,Trey Alexander,SG
NOP,Hunter Dickinson,C
NOP,Josh Oduro,PF
NYK,Mikal Bridges,SF
NYK,Karl-Anthony Towns,C
NYK,Jalen Brunson,PG
NYK,Jordan Clarkson,SG
NYK,Mohamed Diawara,SF
NYK,Tyler Kolek,PG
NYK,Josh Hart,SF
NYK,OG Anunoby,PF
NYK,Mitchell Robinson,C
NYK,Ariel Hukporti,C
NYK,Landry Shamet,SG
NYK,Miles McBride,SG
NYK,Pacome Dadiet,SG
NYK,Kevin McCullar Jr.,SF
NYK,Jose Alvarado,PG
NYK,Trey Jemison,C
NYK,Jeremy Sochan,PF
NYK,Dillon Jones,SF
OKC,Cason Wallace,SG
OKC,Isaiah Joe,SG
OKC,Chet Holmgren,PF
OKC,Luguentz Dort,SF
OKC,Shai Gilgeous-Alexander,PG
OKC,Aaron Wiggins,SG
OKC,Jaylin Williams,PF
OKC,Ajay Mitchell,SG
OKC,Kenrich Williams,PF
OKC,Alex Caruso,SG
OKC,Isaiah Hartenstein,C
OKC,Branden Carlson,C
OKC,Brooks Barnhizer,SG
OKC,Jalen Williams,SG
OKC,Jared McCain,SG
OKC,Nikola Topic,PG
OKC,Thomas Sorber,C
OKC,Payton Sandfort,SF
ORL,Desmond Bane,SG
ORL,Wendell Carter Jr.,C
ORL,Anthony Black,PG
ORL,Tristan Da Silva,SF
ORL,Paolo Banchero,PF
ORL,Jonathan Isaac,PF
ORL,Goga Bitadze,C
ORL,Noah Penda,SF
ORL,Jett Howard,SF
ORL,Jase Richardson,SG
ORL,Jalen Suggs,PG
ORL,Franz Wagner,SF
ORL,Moritz Wagner,C
ORL,Jamal Cain,SF
ORL,Jevon Carter,PG
ORL,Colin Castleton,C
ORL,Alex Morales,PG
PHI,Tyrese Maxey,PG
PHI,Quentin Grimes,SG
PHI,VJ Edgecombe,SG
PHI,Adem Bona,C
PHI,Jabari Walker,PF
PHI,Dominick Barlow,PF
PHI,Andre Drummond,C
PHI,Justin Edwards,SF
PHI,Trendon Watford,PF
PHI,Kelly Oubre Jr.,SF
PHI,Joel Embiid,C
PHI,Paul George,PF
PHI,Cameron Payne,PG
PHI,Johni Broome,C
PHI,Kyle Lowry,PG
PHI,Dalen Terry,SG
PHI,Tyrese Martin,SG
PHI,MarJon Beauchamp,SF
PHO,Royce O'Neale,SF
PHO,Oso Ighodaro,PF
PHO,Collin Gillespie,PG
PHO,Ryan Dunn,SF
PHO,Mark Williams,C
PHO,Jordan Goodwin,PG
PHO,Devin Booker,SG
PHO,Dillon Brooks,SF
PHO,Grayson Allen,SG
PHO,Rasheer Fleming,PF
PHO,Jamaree Bouyea,PG
PHO,Isaiah Livers,PF
PHO,Khaman Maluach,C
PHO,Jalen Green,SG
PHO,Amir Coffey,SG
PHO,Koby Brea,SG
PHO,Haywood Highsmith,SF
PHO,CJ Huntley,SF
POR,Toumani Camara,PF
POR,Donovan Clingan,C
POR,Sidy Cissoko,SF
POR,Deni Avdija,SF
POR,Jerami Grant,PF
POR,Shaedon Sharpe,SG
POR,Robert Williams,C
POR,Caleb Love,SG
POR,Kris Murray,SF
POR,Yang Hansen,C
POR,Jrue Holiday,PG
POR,Blake Wesley,SG
POR,Vit Krejci,PG
POR,Scoot Henderson,PG
POR,Matisse Thybulle,SG
POR,Damian Lillard,PG
POR,Jayson Kent,SF
POR,Chris Youngblood,SG
SAC,DeMar DeRozan,PF
SAC,Nique Clifford,SG
SAC,Russell Westbrook,SF
SAC,Maxime Raynaud,C
SAC,Precious Achiuwa,C
SAC,Malik Monk,SG
SAC,Drew Eubanks,C
SAC,Zach LaVine,SG
SAC,Dylan Cardwell,C
SAC,Devin Carter,PG
SAC,Keegan Murray,PF
SAC,Domantas Sabonis,C
SAC,Daeqwon Plowden,SG
SAC,Doug McDermott,SF
SAC,Killian Hayes,PG
SAC,Patrick Baldwin Jr.,SF
SAC,Isaiah Stevens,PG
SAC,De'Andre Hunter,SF
SAS,Keldon Johnson,SF
SAS,Julian Champagnie,SF
SAS,Harrison Barnes,PF
SAS,De'Aaron Fox,PG
SAS,Stephon Castle,PG
SAS,Luke Kornet,C
SAS,Dylan Harper,SG
SAS,Carter Bryant,PF
SAS,Devin Vassell,SG
SAS,Victor Wembanyama,C
SAS,Kelly Olynyk,C
SAS,Lindy Waters III,SG
SAS,Jordan McLaughlin,PG
SAS,Bismack Biyombo,C
SAS,David Jones Garcia,SF
SAS,Harrison Ingram,SF
SAS,Mason Plumlee,C
SAS,Emanuel Miller,PF
TOR,Jamal Shead,PG
TOR,Brandon Ingram,SF
TOR,Scottie Barnes,PF
TOR,Sandro Mamukelashvili,C
TOR,Gradey Dick,SG
TOR,Immanuel Quickley,PG
TOR,Ja'Kobe Walter,SG
TOR,Jamison Battle,SF
TOR,Collin Murray-Boyles,PF
TOR,RJ Barrett,SF
TOR,Jakob Poeltl,C
TOR,Jonathan Mogbo,PF
TOR,Alijah Martin,SG
TOR,Garrett Temple,SG
TOR,A.J. Lawson,SG
TOR,Trayce Jackson-Davis,C
TOR,Chucky Hepburn,PG
UTA,Kyle Filipowski,C
UTA,Brice Sensabaugh,SF
UTA,Ace Bailey,SF
UTA,Isaiah Collier,PG
UTA,Keyonte George,PG
UTA,Cody Williams,SG
UTA,Svi Mykhailiuk,SF
UTA,Lauri Markkanen,PF
UTA,Jusuf Nurkic,C
UTA,Kevin Love,PF
UTA,Elijah Harkless,SG
UTA,John Konchar,SG
UTA,Oscar Tshiebwe,C
UTA,Blake Hinson,SF
UTA,Walker Kessler,C
UTA,Jaren Jackson Jr.,C
UTA,Mo Bamba,C
UTA,Andersson Garcia,G
WAS,Bub Carrington,PG
WAS,Justin Champagnie,SF
WAS,Will Riley,SF
WAS,Tre Johnson,SG
WAS,Kyshawn George,SF
WAS,Bilal Coulibaly,SG
WAS,Alex Sarr,C
WAS,Tristan Vukcevic,C
WAS,Anthony Gill,PF
WAS,Jamir Watkins,SG
WAS,Sharife Cooper,PG
WAS,Cam Whitmore,SF
WAS,Jaden Hardy,SG
WAS,Julian Reese,PF
WAS,Trae Young,PG
WAS,D'Angelo Russell,PG
WAS,Anthony Davis,PF
